"days","total.precip","max.flag"
1992-02-18,0.08,"Normal"
1992-02-19,0.42,"Normal"
1992-02-20,0.22,"Normal"
1992-02-21,0.53,"Normal"
1992-02-22,0.17,"Normal"
1992-02-23,0.22,"Normal"
1992-02-24,0.08,"Normal"
1992-02-25,0,"Normal"
1992-02-26,0,"Normal"
1992-02-27,0,"Normal"
1992-02-28,0,"Normal"
1992-02-29,0,"Normal"
1992-03-01,0.01,"Normal"
1992-03-02,0,"Normal"
1992-03-03,0.19,"Normal"
1992-03-04,0.21,"Normal"
1992-03-05,0.21,"Normal"
1992-03-06,0,"Normal"
1992-03-07,0.08,"Normal"
1992-03-08,0,"Normal"
1992-03-09,0.01,"Normal"
1992-03-10,0,"Normal"
1992-03-11,0,"Normal"
1992-03-12,0,"Normal"
1992-03-13,0,"Normal"
1992-03-14,0,"Normal"
1992-03-15,0.05,"Normal"
1992-03-16,0.21,"Normal"
1992-03-17,0.15,"Normal"
1992-03-18,0,"Normal"
1992-03-19,0,"Normal"
1992-03-20,0,"Normal"
1992-03-21,0,"Normal"
1992-03-22,0,"Normal"
1992-03-23,0,"Normal"
1992-03-24,0,"Normal"
1992-03-25,0.22,"Normal"
1992-03-26,0.08,"Normal"
1992-03-27,0.1,"Normal"
1992-03-28,0,"Normal"
1992-03-29,0,"Normal"
1992-03-30,0,"Normal"
1992-03-31,0,"Normal"
1992-04-01,0,"Normal"
1992-04-02,0,"Normal"
1992-04-03,0.08,"Normal"
1992-04-04,0.33,"Normal"
1992-04-05,0.28,"Normal"
1992-04-06,0.02,"Normal"
1992-04-07,0.01,"Normal"
1992-04-08,0,"Normal"
1992-04-09,0.41,"Normal"
1992-04-10,0.01,"Normal"
1992-04-11,0.24,"Normal"
1992-04-12,0.1,"Normal"
1992-04-13,0.05,"Normal"
1992-04-14,0,"Normal"
1992-04-15,0.11,"Normal"
1992-04-16,1.69,"Normal"
1992-04-17,0.7,"Normal"
1992-04-18,0,"Normal"
1992-04-19,0,"Normal"
1992-04-20,0.06,"Normal"
1992-04-21,0.48,"Normal"
1992-04-22,0.01,"Normal"
1992-04-23,0,"Normal"
1992-04-24,0,"Normal"
1992-04-25,0,"Normal"
1992-04-26,0.14,"Normal"
1992-04-27,0.02,"Normal"
1992-04-28,0.11,"Normal"
1992-04-29,0.72,"Normal"
1992-04-30,0.01,"Normal"
1992-05-01,0,"Normal"
1992-05-02,0,"Normal"
1992-05-03,0,"Normal"
1992-05-04,0,"Normal"
1992-05-05,0,"Normal"
1992-05-06,0,"Normal"
1992-05-07,0,"Normal"
1992-05-08,0.01,"Normal"
1992-05-09,0.01,"Normal"
1992-05-10,0,"Normal"
1992-05-11,0,"Normal"
1992-05-12,0,"Normal"
1992-05-13,0,"Normal"
1992-05-14,0,"Normal"
1992-05-15,0,"Normal"
1992-05-16,0,"Normal"
1992-05-17,0,"Normal"
1992-05-18,0,"Normal"
1992-05-19,0,"Normal"
1992-05-20,0,"Normal"
1992-05-21,0,"Normal"
1992-05-22,0,"Normal"
1992-05-23,0,"Normal"
1992-05-24,0,"Normal"
1992-05-25,0.02,"Normal"
1992-05-26,0.01,"Normal"
1992-05-27,0,"Normal"
1992-05-28,0.01,"Normal"
1992-05-29,0,"Normal"
1992-05-30,0,"Normal"
1992-05-31,0,"Normal"
1992-06-01,0,"Normal"
1992-06-02,0,"Normal"
1992-06-03,0,"Normal"
1992-06-04,0,"Normal"
1992-06-05,0,"Normal"
1992-06-06,0,"Normal"
1992-06-07,0,"Normal"
1992-06-08,0,"Normal"
1992-06-09,0.03,"Normal"
1992-06-10,0,"Normal"
1992-06-11,0,"Normal"
1992-06-12,0.29,"Normal"
1992-06-13,0.22,"Normal"
1992-06-14,0,"Normal"
1992-06-15,0.01,"Normal"
1992-06-16,0,"Normal"
1992-06-17,0,"Normal"
1992-06-18,0,"Normal"
1992-06-19,0,"Normal"
1992-06-20,0,"Normal"
1992-06-21,0,"Normal"
1992-06-22,0,"Normal"
1992-06-23,0,"Normal"
1992-06-24,0,"Normal"
1992-06-25,0,"Normal"
1992-06-26,0,"Normal"
1992-06-27,0.04,"Normal"
1992-06-28,0.1,"Normal"
1992-06-29,1.02,"Normal"
1992-06-30,0,"Normal"
1992-07-01,0,"Normal"
1992-07-02,0,"Normal"
1992-07-03,0,"Normal"
1992-07-04,0.25,"Normal"
1992-07-05,0.03,"Normal"
1992-07-06,0.01,"Normal"
1992-07-07,0,"Normal"
1992-07-08,0,"Normal"
1992-07-09,0,"Normal"
1992-07-10,0.01,"Normal"
1992-07-11,0,"Normal"
1992-07-12,0,"Normal"
1992-07-13,0,"Normal"
1992-07-14,0,"Normal"
1992-07-15,0,"Normal"
1992-07-16,0,"Normal"
1992-07-17,0,"Normal"
1992-07-18,0,"Normal"
1992-07-19,0,"Normal"
1992-07-20,0,"Normal"
1992-07-21,0,"Normal"
1992-07-22,0.01,"Normal"
1992-07-23,0,"Normal"
1992-07-24,0,"Normal"
1992-07-25,0,"Normal"
1992-07-26,0,"Normal"
1992-07-27,0,"Normal"
1992-07-28,0,"Normal"
1992-07-29,0,"Normal"
1992-07-30,0,"Normal"
1992-07-31,0,"Normal"
1992-08-01,0,"Normal"
1992-08-02,0,"Normal"
1992-08-03,0,"Normal"
1992-08-04,0,"Normal"
1992-08-05,0,"Normal"
1992-08-06,0.72,"Normal"
1992-08-07,0.2,"Normal"
1992-08-08,0,"Normal"
1992-08-09,0,"Normal"
1992-08-10,0,"Normal"
1992-08-11,0,"Normal"
1992-08-12,0,"Normal"
1992-08-13,0,"Normal"
1992-08-14,0,"Normal"
1992-08-15,0,"Normal"
1992-08-16,0,"Normal"
1992-08-17,0,"Normal"
1992-08-18,0,"Normal"
1992-08-19,0,"Normal"
1992-08-20,0,"Normal"
1992-08-21,0,"Normal"
1992-08-22,0,"Normal"
1992-08-23,0,"Normal"
1992-08-24,0,"Normal"
1992-08-25,0,"Normal"
1992-08-26,0,"Normal"
1992-08-27,0,"Normal"
1992-08-28,0,"Normal"
1992-08-29,0,"Normal"
1992-08-30,0,"Normal"
1992-08-31,0,"Normal"
1992-09-01,0,"Normal"
1992-09-02,0,"Normal"
1992-09-03,0,"Normal"
1992-09-04,0.08,"Normal"
1992-09-05,0,"Normal"
1992-09-06,0,"Normal"
1992-09-07,0.02,"Normal"
1992-09-08,0.15,"Normal"
1992-09-09,0,"Normal"
1992-09-10,0,"Normal"
1992-09-11,0,"Normal"
1992-09-12,0,"Normal"
1992-09-13,0,"Normal"
1992-09-14,0,"Normal"
1992-09-15,0,"Normal"
1992-09-16,0,"Normal"
1992-09-17,0,"Normal"
1992-09-18,0.01,"Normal"
1992-09-19,0.02,"Normal"
1992-09-20,0,"Normal"
1992-09-21,0,"Normal"
1992-09-22,0,"Normal"
1992-09-23,1.2,"Normal"
1992-09-24,0.45,"Normal"
1992-09-25,0,"Normal"
1992-09-26,0.04,"Normal"
1992-09-27,0,"Normal"
1992-09-28,0,"Normal"
1992-09-29,0,"Normal"
1992-09-30,0,"Normal"
1992-10-01,0,"Normal"
1992-10-02,0.09,"Normal"
1992-10-03,0.04,"Normal"
1992-10-04,0,"Normal"
1992-10-05,0,"Normal"
1992-10-06,0,"Normal"
1992-10-07,0,"Normal"
1992-10-08,0,"Normal"
1992-10-09,0,"Normal"
1992-10-10,0,"Normal"
1992-10-11,0,"Normal"
1992-10-12,0.07,"Normal"
1992-10-13,0.05,"Normal"
1992-10-14,0,"Normal"
1992-10-15,0,"Normal"
1992-10-16,0.19,"Normal"
1992-10-17,0,"Normal"
1992-10-18,0.28,"Normal"
1992-10-19,0.21,"Normal"
1992-10-20,0.08,"Normal"
1992-10-21,0.01,"Normal"
1992-10-22,0.02,"Normal"
1992-10-23,0,"Normal"
1992-10-24,0.09,"Normal"
1992-10-25,0.01,"Normal"
1992-10-26,0,"Normal"
1992-10-27,0,"Normal"
1992-10-28,0.09,"Normal"
1992-10-29,0.54,"Normal"
1992-10-30,0.2,"Normal"
1992-10-31,1.09,"Normal"
1992-11-01,0.43,"Normal"
1992-11-02,0.01,"Normal"
1992-11-03,0.03,"Normal"
1992-11-04,0.34,"Normal"
1992-11-05,0,"Normal"
1992-11-06,0.19,"Normal"
1992-11-07,0.23,"Normal"
1992-11-08,0.26,"Normal"
1992-11-09,0,"Normal"
1992-11-10,0.01,"Normal"
1992-11-11,0.6,"Normal"
1992-11-12,0.07,"Normal"
1992-11-13,0,"Normal"
1992-11-14,0,"UNK"
1992-11-15,0.01,"UNK"
1992-11-16,0.02,"UNK"
1992-11-17,0.02,"UNK"
1992-11-18,0.01,"UNK"
1992-11-19,0.03,"UNK"
1992-11-20,0.01,"UNK"
1992-11-21,0.02,"UNK"
1992-11-22,0.01,"UNK"
1992-11-23,2.26,"UNK"
1992-11-24,0.01,"UNK"
1992-11-25,0,"Normal"
1992-11-26,0.01,"Normal"
1992-11-27,0.24,"Normal"
1992-11-28,0,"Normal"
1992-11-29,0.04,"Normal"
1992-11-30,0.49,"Normal"
1992-12-01,0.06,"Normal"
1992-12-02,0,"Normal"
1992-12-03,0,"Normal"
1992-12-04,0,"Normal"
1992-12-05,0.05,"Normal"
1992-12-06,0,"Normal"
1992-12-07,0.1,"Normal"
1992-12-08,0.8,"Normal"
1992-12-09,0.07,"Normal"
1992-12-10,1.32,"Normal"
1992-12-11,0.28,"Normal"
1992-12-12,0.02,"Normal"
1992-12-13,0,"Normal"
1992-12-14,0.04,"Normal"
1992-12-15,0,"Normal"
1992-12-16,0,"Normal"
1992-12-17,0.49,"Normal"
1992-12-18,0.01,"Normal"
1992-12-19,0.4,"Normal"
1992-12-20,0.25,"Normal"
1992-12-21,0.22,"Normal"
1992-12-22,0,"Normal"
1992-12-23,0,"Normal"
1992-12-24,0.01,"Normal"
1992-12-25,0.03,"Normal"
1992-12-26,0.08,"Normal"
1992-12-27,0.24,"Normal"
1992-12-28,0.16,"Normal"
1992-12-29,0.16,"Normal"
1992-12-30,0.15,"Normal"
1992-12-31,0.02,"Normal"
1993-01-01,0.06,"Normal"
1993-01-02,0,"Normal"
1993-01-03,0.56,"Normal"
1993-01-04,0.22,"Normal"
1993-01-05,0.01,"Normal"
1993-01-06,0,"Normal"
1993-01-07,0,"Normal"
1993-01-08,0,"Normal"
1993-01-09,0,"Normal"
1993-01-10,0,"Normal"
1993-01-11,0,"Normal"
1993-01-12,0,"Normal"
1993-01-13,0,"Normal"
1993-01-14,0,"Normal"
1993-01-15,0,"Normal"
1993-01-16,0.01,"Normal"
1993-01-17,0,"Normal"
1993-01-18,0,"Normal"
1993-01-19,0.43,"Normal"
1993-01-20,1.29,"Normal"
1993-01-21,0.2,"Normal"
1993-01-22,0.05,"Normal"
1993-01-23,0.01,"Normal"
1993-01-24,0.79,"Normal"
1993-01-25,0.84,"Normal"
1993-01-26,0.07,"Normal"
1993-01-27,0,"Normal"
1993-01-28,0.09,"Normal"
1993-01-29,0.02,"Normal"
1993-01-30,0.01,"Normal"
1993-01-31,0.01,"Normal"
1993-02-01,0,"Normal"
1993-02-02,0,"Normal"
1993-02-03,0,"Normal"
1993-02-04,0,"Normal"
1993-02-05,0,"Normal"
1993-02-06,0,"Normal"
1993-02-07,0,"Normal"
1993-02-08,0.02,"Normal"
1993-02-09,0.11,"Normal"
1993-02-10,0,"Normal"
1993-02-11,0.05,"Normal"
1993-02-12,0,"Normal"
1993-02-13,0,"Normal"
1993-02-14,0,"Normal"
1993-02-15,0,"Normal"
1993-02-16,0,"Normal"
1993-02-17,0,"Normal"
1993-02-18,0,"Normal"
1993-02-19,0,"Normal"
1993-02-20,0.01,"Normal"
1993-02-21,0,"Normal"
1993-02-22,0,"Normal"
1993-02-23,0,"Normal"
1993-02-24,0,"Normal"
1993-02-25,0,"Normal"
1993-02-26,0,"Normal"
1993-02-27,0,"Normal"
1993-02-28,0,"Normal"
1993-03-01,0.2,"Normal"
1993-03-02,0.17,"Normal"
1993-03-03,0.23,"Normal"
1993-03-04,0.35,"Normal"
1993-03-05,0,"Normal"
1993-03-06,0,"Normal"
1993-03-07,0.01,"Normal"
1993-03-08,0,"Normal"
1993-03-09,0,"Normal"
1993-03-10,0,"Normal"
1993-03-11,0,"Normal"
1993-03-12,0,"Normal"
1993-03-13,0.09,"Normal"
1993-03-14,0.41,"Normal"
1993-03-15,0.05,"Normal"
1993-03-16,0.44,"Normal"
1993-03-17,0.14,"Normal"
1993-03-18,0.01,"Normal"
1993-03-19,0.13,"Normal"
1993-03-20,0.06,"Normal"
1993-03-21,0.04,"Normal"
1993-03-22,1.43,"Normal"
1993-03-23,0.15,"Normal"
1993-03-24,0,"Normal"
1993-03-25,0,"Normal"
1993-03-26,0,"Normal"
1993-03-27,0,"Normal"
1993-03-28,0.01,"Normal"
1993-03-29,0.02,"Normal"
1993-03-30,0.14,"Normal"
1993-03-31,0.17,"Normal"
1993-04-01,0.33,"Normal"
1993-04-02,0.18,"Normal"
1993-04-03,0.26,"Normal"
1993-04-04,0,"Normal"
1993-04-05,0.01,"Normal"
1993-04-06,0.1,"Normal"
1993-04-07,0.02,"Normal"
1993-04-08,0.91,"Normal"
1993-04-09,0.7,"Normal"
1993-04-10,0.45,"Normal"
1993-04-11,0.09,"Normal"
1993-04-12,0,"Normal"
1993-04-13,0.16,"Normal"
1993-04-14,0.07,"Normal"
1993-04-15,0.4,"Normal"
1993-04-16,0.18,"Normal"
1993-04-17,0.33,"Normal"
1993-04-18,0.06,"Normal"
1993-04-19,0,"Normal"
1993-04-20,0.02,"Normal"
1993-04-21,0.63,"Normal"
1993-04-22,0.06,"Normal"
1993-04-23,0.16,"Normal"
1993-04-24,0.07,"Normal"
1993-04-25,0.55,"Normal"
1993-04-26,0.37,"Normal"
1993-04-27,0.05,"Normal"
1993-04-28,0.1,"Normal"
1993-04-29,0.15,"Normal"
1993-04-30,0,"Normal"
1993-05-01,0.15,"Normal"
1993-05-02,0.11,"Normal"
1993-05-03,0.47,"Normal"
1993-05-04,0,"Normal"
1993-05-05,0.18,"Normal"
1993-05-06,0.04,"Normal"
1993-05-07,0.54,"Normal"
1993-05-08,0.01,"Normal"
1993-05-09,0.22,"Normal"
1993-05-10,0.01,"Normal"
1993-05-11,0,"Normal"
1993-05-12,0,"Normal"
1993-05-13,0,"Normal"
1993-05-14,0.05,"Normal"
1993-05-15,0,"Normal"
1993-05-16,0,"Normal"
1993-05-17,0,"Normal"
1993-05-18,0,"Normal"
1993-05-19,0.45,"Normal"
1993-05-20,0.21,"Normal"
1993-05-21,0.27,"Normal"
1993-05-22,0.01,"Normal"
1993-05-23,0,"Normal"
1993-05-24,0,"Normal"
1993-05-25,0,"Normal"
1993-05-26,0,"Normal"
1993-05-27,0,"Normal"
1993-05-28,0.56,"Normal"
1993-05-29,0.01,"Normal"
1993-05-30,0.66,"Normal"
1993-05-31,0.78,"Normal"
1993-06-01,0.29,"Normal"
1993-06-02,0,"Normal"
1993-06-03,0,"Normal"
1993-06-04,0.09,"Normal"
1993-06-05,0,"Normal"
1993-06-06,0.09,"Normal"
1993-06-07,0,"Normal"
1993-06-08,0,"Normal"
1993-06-09,0.62,"Normal"
1993-06-10,0.03,"Normal"
1993-06-11,0.42,"Normal"
1993-06-12,0,"Normal"
1993-06-13,0,"Normal"
1993-06-14,0.27,"Normal"
1993-06-15,0,"Normal"
1993-06-16,0,"Normal"
1993-06-17,0,"Normal"
1993-06-18,0,"Normal"
1993-06-19,0,"Normal"
1993-06-20,0,"Normal"
1993-06-21,0.22,"Normal"
1993-06-22,0.14,"Normal"
1993-06-23,0,"Normal"
1993-06-24,0,"Normal"
1993-06-25,0,"Normal"
1993-06-26,0,"Normal"
1993-06-27,0.11,"Normal"
1993-06-28,0.03,"Normal"
1993-06-29,0,"Normal"
1993-06-30,0,"Normal"
1993-07-01,0,"Normal"
1993-07-02,0,"Normal"
1993-07-03,0.18,"Normal"
1993-07-04,0,"Normal"
1993-07-05,0,"Normal"
1993-07-06,0,"Normal"
1993-07-07,0,"Normal"
1993-07-08,0,"Normal"
1993-07-09,0,"Normal"
1993-07-10,0,"Normal"
1993-07-11,0.04,"Normal"
1993-07-12,0,"Normal"
1993-07-13,0.06,"Normal"
1993-07-14,0,"Normal"
1993-07-15,0,"Normal"
1993-07-16,0.36,"Normal"
1993-07-17,0,"Normal"
1993-07-18,0,"Normal"
1993-07-19,0.12,"Normal"
1993-07-20,0.14,"Normal"
1993-07-21,0.05,"Normal"
1993-07-22,0.27,"Normal"
1993-07-23,0,"Normal"
1993-07-24,0,"Normal"
1993-07-25,0,"Normal"
1993-07-26,0,"Normal"
1993-07-27,0,"Normal"
1993-07-28,0.1,"Normal"
1993-07-29,0.44,"Normal"
1993-07-30,0.01,"Normal"
1993-07-31,0,"Normal"
1993-08-01,0,"Normal"
1993-08-02,0,"Normal"
1993-08-03,0,"Normal"
1993-08-04,0,"Normal"
1993-08-05,0,"Normal"
1993-08-06,0,"Normal"
1993-08-07,0,"Normal"
1993-08-08,0,"Normal"
1993-08-09,0,"Normal"
1993-08-10,0,"Normal"
1993-08-11,0,"Normal"
1993-08-12,0,"Normal"
1993-08-13,0,"Normal"
1993-08-14,0,"Normal"
1993-08-15,0,"Normal"
1993-08-16,0.09,"Normal"
1993-08-17,0,"Normal"
1993-08-18,0,"Normal"
1993-08-19,0,"Normal"
1993-08-20,0,"Normal"
1993-08-21,0,"Normal"
1993-08-22,0.02,"Normal"
1993-08-23,0.13,"Normal"
1993-08-24,0,"Normal"
1993-08-25,0,"Normal"
1993-08-26,0,"Normal"
1993-08-27,0,"Normal"
1993-08-28,0,"Normal"
1993-08-29,0,"Normal"
1993-08-30,0,"Normal"
1993-08-31,0,"Normal"
1993-09-01,0,"Normal"
1993-09-02,0,"Normal"
1993-09-03,0,"Normal"
1993-09-04,0,"Normal"
1993-09-05,0,"Normal"
1993-09-06,0,"Normal"
1993-09-07,0,"Normal"
1993-09-08,0,"Normal"
1993-09-09,0.01,"Normal"
1993-09-10,0,"Normal"
1993-09-11,0,"Normal"
1993-09-12,0,"Normal"
1993-09-13,0,"Normal"
1993-09-14,0,"Normal"
1993-09-15,0,"Normal"
1993-09-16,0,"Normal"
1993-09-17,0,"Normal"
1993-09-18,0,"Normal"
1993-09-19,0,"Normal"
1993-09-20,0,"Normal"
1993-09-21,0,"Normal"
1993-09-22,0,"Normal"
1993-09-23,0,"Normal"
1993-09-24,0,"Normal"
1993-09-25,0.01,"Normal"
1993-09-26,0,"Normal"
1993-09-27,0,"Normal"
1993-09-28,0,"Normal"
1993-09-29,0.02,"Normal"
1993-09-30,0,"Normal"
1993-10-01,0,"Normal"
1993-10-02,0.01,"Normal"
1993-10-03,0,"Normal"
1993-10-04,0,"Normal"
1993-10-05,0.02,"Normal"
1993-10-06,0.13,"Normal"
1993-10-07,0.03,"Normal"
1993-10-08,0.01,"Normal"
1993-10-09,0,"Normal"
1993-10-10,0,"Normal"
1993-10-11,0,"Normal"
1993-10-12,0.45,"Normal"
1993-10-13,0.05,"Normal"
1993-10-14,0.01,"Normal"
1993-10-15,0.36,"Normal"
1993-10-16,0.01,"Normal"
1993-10-17,0,"Normal"
1993-10-18,0,"Normal"
1993-10-19,0.05,"Normal"
1993-10-20,0,"Normal"
1993-10-21,0,"Normal"
1993-10-22,0.28,"Normal"
1993-10-23,0.47,"Normal"
1993-10-24,0.01,"Normal"
1993-10-25,0.01,"Normal"
1993-10-26,0,"Normal"
1993-10-27,0.01,"Normal"
1993-10-28,0,"Normal"
1993-10-29,0,"Normal"
1993-10-30,0.01,"Normal"
1993-10-31,0.03,"Normal"
1993-11-01,0,"Normal"
1993-11-02,0.08,"Normal"
1993-11-03,0.23,"Normal"
1993-11-04,0,"Normal"
1993-11-05,0,"Normal"
1993-11-06,0,"Normal"
1993-11-07,0,"Normal"
1993-11-08,0,"Normal"
1993-11-09,0.01,"Normal"
1993-11-10,0,"Normal"
1993-11-11,0.01,"Normal"
1993-11-12,0,"Normal"
1993-11-13,0,"Normal"
1993-11-14,0.01,"Normal"
1993-11-15,0.17,"Normal"
1993-11-16,0.11,"Normal"
1993-11-17,0.04,"Normal"
1993-11-18,0,"Normal"
1993-11-19,0,"Normal"
1993-11-20,0.01,"Normal"
1993-11-21,0.16,"Normal"
1993-11-22,0,"Normal"
1993-11-23,0.04,"Normal"
1993-11-24,0,"Normal"
1993-11-25,0,"Normal"
1993-11-26,0,"Normal"
1993-11-27,0.16,"Normal"
1993-11-28,0.2,"Normal"
1993-11-29,0.57,"Normal"
1993-11-30,0.76,"Normal"
1993-12-01,0.71,"Normal"
1993-12-02,0.13,"Normal"
1993-12-03,0.36,"Normal"
1993-12-04,0,"Normal"
1993-12-05,0,"Normal"
1993-12-06,0.07,"Normal"
1993-12-07,0.29,"Normal"
1993-12-08,0.89,"Normal"
1993-12-09,0.62,"Normal"
1993-12-10,0.35,"Normal"
1993-12-11,0.05,"Normal"
1993-12-12,0.04,"Normal"
1993-12-13,0.09,"Normal"
1993-12-14,0.02,"Normal"
1993-12-15,0.04,"Normal"
1993-12-16,0,"Normal"
1993-12-17,0.01,"Normal"
1993-12-18,0,"Normal"
1993-12-19,0,"Normal"
1993-12-20,0,"Normal"
1993-12-21,0,"Normal"
1993-12-22,0.01,"Normal"
1993-12-23,0,"Normal"
1993-12-24,0,"Normal"
1993-12-25,0,"Normal"
1993-12-26,0,"Normal"
1993-12-27,0,"Normal"
1993-12-28,0.05,"Normal"
1993-12-29,0.03,"Normal"
1993-12-30,0.27,"Normal"
1993-12-31,0.4,"Normal"
1994-01-01,0.21,"Normal"
1994-01-02,0.23,"Normal"
1994-01-03,0.15,"Normal"
1994-01-04,0.26,"Normal"
1994-01-05,0.1,"Normal"
1994-01-06,0,"Normal"
1994-01-07,0.07,"Normal"
1994-01-08,0.04,"Normal"
1994-01-09,0.03,"Normal"
1994-01-10,0.29,"Normal"
1994-01-11,0.01,"Normal"
1994-01-12,0.18,"Normal"
1994-01-13,0,"Normal"
1994-01-14,0.01,"Normal"
1994-01-15,0.03,"Normal"
1994-01-16,0,"Normal"
1994-01-17,0,"Normal"
1994-01-18,0.01,"Normal"
1994-01-19,0,"Normal"
1994-01-20,0,"Normal"
1994-01-21,0.1,"Normal"
1994-01-22,0.55,"Normal"
1994-01-23,0.22,"Normal"
1994-01-24,0.36,"Normal"
1994-01-25,0,"Normal"
1994-01-26,0,"Normal"
1994-01-27,0.02,"Normal"
1994-01-28,0,"Normal"
1994-01-29,0.01,"Normal"
1994-01-30,0,"Normal"
1994-01-31,0.01,"Normal"
1994-02-01,0.01,"Normal"
1994-02-02,0.02,"Normal"
1994-02-03,0,"Normal"
1994-02-04,0,"Normal"
1994-02-05,0.01,"Normal"
1994-02-06,0,"Normal"
1994-02-07,0.01,"Normal"
1994-02-08,0,"Normal"
1994-02-09,0.18,"Normal"
1994-02-10,0.01,"Normal"
1994-02-11,0,"Normal"
1994-02-12,0.01,"Normal"
1994-02-13,1.39,"Normal"
1994-02-14,0,"Normal"
1994-02-15,0.96,"Normal"
1994-02-16,0.43,"Normal"
1994-02-17,0.35,"Normal"
1994-02-18,0.36,"Normal"
1994-02-19,0.04,"Normal"
1994-02-20,0.26,"Normal"
1994-02-21,0.37,"Normal"
1994-02-22,0.63,"Normal"
1994-02-23,0.3,"Normal"
1994-02-24,0.22,"Normal"
1994-02-25,0.33,"Normal"
1994-02-26,0.49,"Normal"
1994-02-27,0.09,"Normal"
1994-02-28,0.09,"Normal"
1994-03-01,0,"Normal"
1994-03-02,0.86,"Normal"
1994-03-03,1.03,"Normal"
1994-03-04,0.3,"Normal"
1994-03-05,0,"Normal"
1994-03-06,0.01,"Normal"
1994-03-07,0,"Normal"
1994-03-08,0,"Normal"
1994-03-09,0.04,"Normal"
1994-03-10,0.17,"Normal"
1994-03-11,0,"Normal"
1994-03-12,0,"Normal"
1994-03-13,0,"Normal"
1994-03-14,0,"Normal"
1994-03-15,0.12,"Normal"
1994-03-16,0.47,"Normal"
1994-03-17,0.37,"Normal"
1994-03-18,0.65,"Normal"
1994-03-19,0.18,"Normal"
1994-03-20,0.5,"Normal"
1994-03-21,0.32,"Normal"
1994-03-22,0.29,"Normal"
1994-03-23,0.11,"Normal"
1994-03-24,0,"Normal"
1994-03-25,0,"Normal"
1994-03-26,0,"Normal"
1994-03-27,0,"Normal"
1994-03-28,0,"Normal"
1994-03-29,0,"Normal"
1994-03-30,0,"Normal"
1994-03-31,0,"Normal"
1994-04-01,0,"Normal"
1994-04-02,0,"Normal"
1994-04-03,0,"Normal"
1994-04-04,0,"Normal"
1994-04-05,0.27,"Normal"
1994-04-06,0.7,"Normal"
1994-04-07,0.08,"Normal"
1994-04-08,0.23,"Normal"
1994-04-09,0.31,"Normal"
1994-04-10,0.01,"Normal"
1994-04-11,0,"Normal"
1994-04-12,0.22,"Normal"
1994-04-13,0.14,"Normal"
1994-04-14,0,"Normal"
1994-04-15,0,"Normal"
1994-04-16,0,"Normal"
1994-04-17,0,"Normal"
1994-04-18,0.02,"Normal"
1994-04-19,0,"Normal"
1994-04-20,0,"Normal"
1994-04-21,0.12,"Normal"
1994-04-22,0,"Normal"
1994-04-23,0.31,"Normal"
1994-04-24,0.02,"Normal"
1994-04-25,0,"Normal"
1994-04-26,0,"Normal"
1994-04-27,0,"Normal"
1994-04-28,0,"Normal"
1994-04-29,0.11,"Normal"
1994-04-30,0.01,"Normal"
1994-05-01,0,"Normal"
1994-05-02,0.02,"Normal"
1994-05-03,0.28,"Normal"
1994-05-04,0.12,"Normal"
1994-05-05,0,"Normal"
1994-05-06,0,"Normal"
1994-05-07,0,"Normal"
1994-05-08,0,"Normal"
1994-05-09,0,"Normal"
1994-05-10,0,"Normal"
1994-05-11,0,"Normal"
1994-05-12,0,"Normal"
1994-05-13,0.02,"Normal"
1994-05-14,0.08,"Normal"
1994-05-15,0.1,"Normal"
1994-05-16,0.06,"Normal"
1994-05-17,0,"Normal"
1994-05-18,0,"Normal"
1994-05-19,0,"Normal"
1994-05-20,0,"Normal"
1994-05-21,0,"Normal"
1994-05-22,0,"Normal"
1994-05-23,0,"Normal"
1994-05-24,0,"Normal"
1994-05-25,0,"Normal"
1994-05-26,0,"Normal"
1994-05-27,0,"Normal"
1994-05-28,0.16,"Normal"
1994-05-29,0.21,"Normal"
1994-05-30,0,"Normal"
1994-05-31,0.16,"Normal"
1994-06-01,0.01,"Normal"
1994-06-02,0,"Normal"
1994-06-03,0,"Normal"
1994-06-04,0.2,"Normal"
1994-06-05,0.1,"Normal"
1994-06-06,0.92,"Normal"
1994-06-07,0.13,"Normal"
1994-06-08,0,"Normal"
1994-06-09,0,"Normal"
1994-06-10,0,"Normal"
1994-06-11,0,"Normal"
1994-06-12,0.28,"Normal"
1994-06-13,0.56,"Normal"
1994-06-14,0.53,"Normal"
1994-06-15,0,"Normal"
1994-06-16,0,"Normal"
1994-06-17,0.26,"Normal"
1994-06-18,0.01,"Normal"
1994-06-19,0,"Normal"
1994-06-20,0,"Normal"
1994-06-21,0,"Normal"
1994-06-22,0,"Normal"
1994-06-23,0,"Normal"
1994-06-24,0,"Normal"
1994-06-25,0,"Normal"
1994-06-26,0,"Normal"
1994-06-27,0,"Normal"
1994-06-28,0,"Normal"
1994-06-29,0,"Normal"
1994-06-30,0,"Normal"
1994-07-01,0.08,"Normal"
1994-07-02,0,"Normal"
1994-07-03,0,"Normal"
1994-07-04,0.07,"Normal"
1994-07-05,0,"Normal"
1994-07-06,0,"Normal"
1994-07-07,0,"Normal"
1994-07-08,0,"Normal"
1994-07-09,0,"Normal"
1994-07-10,0,"Normal"
1994-07-11,0,"Normal"
1994-07-12,0,"Normal"
1994-07-13,0,"Normal"
1994-07-14,0,"Normal"
1994-07-15,0,"Normal"
1994-07-16,0,"Normal"
1994-07-17,0,"Normal"
1994-07-18,0,"Normal"
1994-07-19,0,"Normal"
1994-07-20,0,"Normal"
1994-07-21,0,"Normal"
1994-07-22,0,"Normal"
1994-07-23,0,"Normal"
1994-07-24,0.15,"Normal"
1994-07-25,0,"Normal"
1994-07-26,0,"Normal"
1994-07-27,0,"Normal"
1994-07-28,0,"Normal"
1994-07-29,0,"Normal"
1994-07-30,0,"Normal"
1994-07-31,0,"Normal"
1994-08-01,0,"Normal"
1994-08-02,0,"Normal"
1994-08-03,0.01,"Normal"
1994-08-04,0,"Normal"
1994-08-05,0,"Normal"
1994-08-06,0,"Normal"
1994-08-07,0.03,"Normal"
1994-08-08,0.43,"Normal"
1994-08-09,0.09,"Normal"
1994-08-10,0.02,"Normal"
1994-08-11,0,"Normal"
1994-08-12,0,"Normal"
1994-08-13,0,"Normal"
1994-08-14,0,"Normal"
1994-08-15,0,"Normal"
1994-08-16,0.03,"Normal"
1994-08-17,0,"Normal"
1994-08-18,0,"Normal"
1994-08-19,0,"Normal"
1994-08-20,0,"Normal"
1994-08-21,0,"Normal"
1994-08-22,0,"Normal"
1994-08-23,0,"Normal"
1994-08-24,0,"Normal"
1994-08-25,0,"Normal"
1994-08-26,0,"Normal"
1994-08-27,0,"Normal"
1994-08-28,0.01,"Normal"
1994-08-29,0,"Normal"
1994-08-30,0,"Normal"
1994-08-31,0,"Normal"
1994-09-01,0,"Normal"
1994-09-02,0.01,"Normal"
1994-09-03,0.29,"Normal"
1994-09-04,0,"Normal"
1994-09-05,0,"Normal"
1994-09-06,0,"Normal"
1994-09-07,0,"Normal"
1994-09-08,0.75,"Normal"
1994-09-09,0.04,"Normal"
1994-09-10,0.01,"Normal"
1994-09-11,0,"Normal"
1994-09-12,0.01,"Normal"
1994-09-13,0.01,"Normal"
1994-09-14,0.43,"Normal"
1994-09-15,0,"Normal"
1994-09-16,0,"Normal"
1994-09-17,0,"Normal"
1994-09-18,0.01,"Normal"
1994-09-19,0.01,"Normal"
1994-09-20,0,"Normal"
1994-09-21,0,"Normal"
1994-09-22,0,"Normal"
1994-09-23,0,"Normal"
1994-09-24,0,"Normal"
1994-09-25,0.01,"Normal"
1994-09-26,0.01,"Normal"
1994-09-27,0,"Normal"
1994-09-28,0,"Normal"
1994-09-29,0,"Normal"
1994-09-30,0,"Normal"
1994-10-01,0.02,"Normal"
1994-10-02,0,"Normal"
1994-10-03,0,"Normal"
1994-10-04,0,"Normal"
1994-10-05,0,"Normal"
1994-10-06,0,"Normal"
1994-10-07,0.01,"Normal"
1994-10-08,0,"Normal"
1994-10-09,0,"Normal"
1994-10-10,0,"Normal"
1994-10-11,0,"Normal"
1994-10-12,0,"Normal"
1994-10-13,0.42,"Normal"
1994-10-14,0.01,"Normal"
1994-10-15,0,"Normal"
1994-10-16,0.01,"Normal"
1994-10-17,0.01,"Normal"
1994-10-18,0,"Normal"
1994-10-19,0.1,"Normal"
1994-10-20,0.69,"Normal"
1994-10-21,0.01,"Normal"
1994-10-22,0.02,"Normal"
1994-10-23,0,"Normal"
1994-10-24,0,"Normal"
1994-10-25,0.27,"Normal"
1994-10-26,1.69,"Normal"
1994-10-27,1.32,"Normal"
1994-10-28,0.06,"Normal"
1994-10-29,0.05,"Normal"
1994-10-30,0.27,"Normal"
1994-10-31,3.16,"Normal"
1994-11-01,0.05,"Normal"
1994-11-02,0,"Normal"
1994-11-03,0.04,"Normal"
1994-11-04,0.34,"Normal"
1994-11-05,0.01,"Normal"
1994-11-06,0.13,"Normal"
1994-11-07,0.02,"Normal"
1994-11-08,0.1,"Normal"
1994-11-09,0.2,"Normal"
1994-11-10,0,"Normal"
1994-11-11,0.03,"Normal"
1994-11-12,0.01,"Normal"
1994-11-13,0.06,"Normal"
1994-11-14,0.11,"Normal"
1994-11-15,0.32,"Normal"
1994-11-16,0.16,"Normal"
1994-11-17,0.06,"Normal"
1994-11-18,0.01,"Normal"
1994-11-19,0.73,"Normal"
1994-11-20,0.01,"Normal"
1994-11-21,0,"Normal"
1994-11-22,0.02,"Normal"
1994-11-23,0.39,"Normal"
1994-11-24,0.06,"Normal"
1994-11-25,0.59,"Normal"
1994-11-26,0.25,"Normal"
1994-11-27,0.19,"Normal"
1994-11-28,0.16,"Normal"
1994-11-29,0.69,"Normal"
1994-11-30,2.17,"Normal"
1994-12-01,0.65,"Normal"
1994-12-02,0.17,"Normal"
1994-12-03,0.28,"Normal"
1994-12-04,0,"Normal"
1994-12-05,0,"Normal"
1994-12-06,0.05,"Normal"
1994-12-07,0,"Normal"
1994-12-08,0.81,"Normal"
1994-12-09,0.01,"Normal"
1994-12-10,0.03,"Normal"
1994-12-11,0.11,"Normal"
1994-12-12,0.01,"Normal"
1994-12-13,0,"Normal"
1994-12-14,0.23,"Normal"
1994-12-15,0.34,"Normal"
1994-12-16,0.67,"Normal"
1994-12-17,0.58,"Normal"
1994-12-18,0.1,"Normal"
1994-12-19,1.16,"Normal"
1994-12-20,1.45,"Normal"
1994-12-21,0.06,"Normal"
1994-12-22,0.01,"Normal"
1994-12-23,0,"Normal"
1994-12-24,0,"Normal"
1994-12-25,0.28,"Normal"
1994-12-26,2.22,"Normal"
1994-12-27,0.8,"Normal"
1994-12-28,0.04,"Normal"
1994-12-29,0.01,"Normal"
1994-12-30,0.01,"Normal"
1994-12-31,0,"Normal"
1995-01-01,0,"Normal"
1995-01-02,0,"Normal"
1995-01-03,0,"Normal"
1995-01-04,0,"Normal"
1995-01-05,0,"Normal"
1995-01-06,0.08,"Normal"
1995-01-07,0.28,"Normal"
1995-01-08,0.09,"Normal"
1995-01-09,0.41,"Normal"
1995-01-10,0.17,"Normal"
1995-01-11,0.07,"Normal"
1995-01-12,0.14,"Normal"
1995-01-13,0.36,"Normal"
1995-01-14,0.34,"Normal"
1995-01-15,0.02,"Normal"
1995-01-16,0.02,"Normal"
1995-01-17,0.05,"Normal"
1995-01-18,0.23,"Normal"
1995-01-19,0.01,"Normal"
1995-01-20,0,"Normal"
1995-01-21,0,"Normal"
1995-01-22,0.01,"Normal"
1995-01-23,0,"Normal"
1995-01-24,0.01,"Normal"
1995-01-25,0,"Normal"
1995-01-26,0.25,"Normal"
1995-01-27,0.01,"Normal"
1995-01-28,0.54,"Normal"
1995-01-29,0.5,"Normal"
1995-01-30,0.61,"Normal"
1995-01-31,1.22,"Normal"
1995-02-01,0.3,"Normal"
1995-02-02,0.01,"Normal"
1995-02-03,0.06,"Normal"
1995-02-04,0,"Normal"
1995-02-05,0,"Normal"
1995-02-06,0,"Normal"
1995-02-07,0,"Normal"
1995-02-08,0,"Normal"
1995-02-09,0,"Normal"
1995-02-10,0.01,"Normal"
1995-02-11,0.06,"Normal"
1995-02-12,0.07,"Normal"
1995-02-13,0.11,"Normal"
1995-02-14,0,"Normal"
1995-02-15,0.5,"Normal"
1995-02-16,0.4,"Normal"
1995-02-17,0.82,"Normal"
1995-02-18,2.24,"Normal"
1995-02-19,2.09,"Normal"
1995-02-20,0.12,"Normal"
1995-02-21,0.01,"Normal"
1995-02-22,0.01,"Normal"
1995-02-23,0.01,"Normal"
1995-02-24,0.09,"Normal"
1995-02-25,0.01,"Normal"
1995-02-26,0,"Normal"
1995-02-27,0,"Normal"
1995-02-28,0,"Normal"
1995-03-01,0.01,"Normal"
1995-03-02,0,"Normal"
1995-03-03,0,"Normal"
1995-03-04,0.5,"Normal"
1995-03-05,0.01,"Normal"
1995-03-06,0,"Normal"
1995-03-07,0.01,"Normal"
1995-03-08,0.66,"Normal"
1995-03-09,0.86,"Normal"
1995-03-10,0.56,"Normal"
1995-03-11,0.29,"Normal"
1995-03-12,0.05,"Normal"
1995-03-13,0.22,"Normal"
1995-03-14,0.38,"Normal"
1995-03-15,0.2,"Normal"
1995-03-16,0,"Normal"
1995-03-17,0.23,"Normal"
1995-03-18,0.54,"Normal"
1995-03-19,0.26,"Normal"
1995-03-20,0.52,"Normal"
1995-03-21,0.23,"Normal"
1995-03-22,0.02,"Normal"
1995-03-23,0.12,"Normal"
1995-03-24,0.01,"Normal"
1995-03-25,0,"Normal"
1995-03-26,0,"Normal"
1995-03-27,0,"Normal"
1995-03-28,0,"Normal"
1995-03-29,0,"Normal"
1995-03-30,0,"Normal"
1995-03-31,0.06,"Normal"
1995-04-01,0.07,"Normal"
1995-04-02,0,"Normal"
1995-04-03,0,"Normal"
1995-04-04,0.23,"Normal"
1995-04-05,0,"Normal"
1995-04-06,0.05,"Normal"
1995-04-07,0.57,"Normal"
1995-04-08,0.17,"Normal"
1995-04-09,0.01,"Normal"
1995-04-10,0.24,"Normal"
1995-04-11,0,"Normal"
1995-04-12,0.81,"Normal"
1995-04-13,0.07,"Normal"
1995-04-14,0.11,"Normal"
1995-04-15,0.01,"Normal"
1995-04-16,0,"Normal"
1995-04-17,0.05,"Normal"
1995-04-18,0.04,"Normal"
1995-04-19,0.13,"Normal"
1995-04-20,0.08,"Normal"
1995-04-21,0,"Normal"
1995-04-22,0,"Normal"
1995-04-23,0,"Normal"
1995-04-24,0,"Normal"
1995-04-25,0,"Normal"
1995-04-26,0,"Normal"
1995-04-27,0.39,"Normal"
1995-04-28,0.15,"Normal"
1995-04-29,0,"Normal"
1995-04-30,0,"Normal"
1995-05-01,0.6,"Normal"
1995-05-02,0.22,"Normal"
1995-05-03,0.02,"Normal"
1995-05-04,0.01,"Normal"
1995-05-05,0.26,"Normal"
1995-05-06,0,"Normal"
1995-05-07,0,"Normal"
1995-05-08,0.03,"Normal"
1995-05-09,0.16,"Normal"
1995-05-10,0.02,"Normal"
1995-05-11,0.36,"Normal"
1995-05-12,0,"Normal"
1995-05-13,0,"Normal"
1995-05-14,0,"Normal"
1995-05-15,0,"Normal"
1995-05-16,0,"Normal"
1995-05-17,0,"Normal"
1995-05-18,0,"Normal"
1995-05-19,0,"Normal"
1995-05-20,0,"Normal"
1995-05-21,0,"Normal"
1995-05-22,0,"Normal"
1995-05-23,0,"Normal"
1995-05-24,0,"Normal"
1995-05-25,0,"Normal"
1995-05-26,0,"Normal"
1995-05-27,0,"Normal"
1995-05-28,0,"Normal"
1995-05-29,0,"Normal"
1995-05-30,0,"Normal"
1995-05-31,0,"Normal"
1995-06-01,0,"Normal"
1995-06-02,0,"Normal"
1995-06-03,0,"Normal"
1995-06-04,0.31,"Normal"
1995-06-05,0.01,"Normal"
1995-06-06,0,"Normal"
1995-06-07,0,"Normal"
1995-06-08,0,"Normal"
1995-06-09,0,"Normal"
1995-06-10,0.44,"Normal"
1995-06-11,0.01,"Normal"
1995-06-12,0.2,"Normal"
1995-06-13,0.19,"Normal"
1995-06-14,0.13,"Normal"
1995-06-15,0.03,"Normal"
1995-06-16,0,"Normal"
1995-06-17,0.16,"Normal"
1995-06-18,0,"Normal"
1995-06-19,0.02,"Normal"
1995-06-20,0,"Normal"
1995-06-21,0,"Normal"
1995-06-22,0,"Normal"
1995-06-23,0,"Normal"
1995-06-24,0,"Normal"
1995-06-25,0,"Normal"
1995-06-26,0,"Normal"
1995-06-27,0,"Normal"
1995-06-28,0,"Normal"
1995-06-29,0,"Normal"
1995-06-30,0,"Normal"
1995-07-01,0,"Normal"
1995-07-02,0.03,"Normal"
1995-07-03,0,"Normal"
1995-07-04,0,"Normal"
1995-07-05,0,"Normal"
1995-07-06,0,"Normal"
1995-07-07,0,"Normal"
1995-07-08,0,"Normal"
1995-07-09,1.03,"Normal"
1995-07-10,0.01,"Normal"
1995-07-11,0,"Normal"
1995-07-12,0,"Normal"
1995-07-13,0,"Normal"
1995-07-14,0,"Normal"
1995-07-15,0,"Normal"
1995-07-16,0,"Normal"
1995-07-17,0,"Normal"
1995-07-18,0,"Normal"
1995-07-19,0,"Normal"
1995-07-20,0,"Normal"
1995-07-21,0,"Normal"
1995-07-22,0,"Normal"
1995-07-23,0,"Normal"
1995-07-24,0,"Normal"
1995-07-25,0,"Normal"
1995-07-26,0.27,"Normal"
1995-07-27,0,"Normal"
1995-07-28,0,"Normal"
1995-07-29,0,"Normal"
1995-07-30,0,"Normal"
1995-07-31,0,"Normal"
1995-08-01,0,"Normal"
1995-08-02,0,"Normal"
1995-08-03,0,"Normal"
1995-08-04,0,"Normal"
1995-08-05,0,"Normal"
1995-08-06,0.31,"Normal"
1995-08-07,0.04,"Normal"
1995-08-08,0,"Normal"
1995-08-09,0,"Normal"
1995-08-10,0.03,"Normal"
1995-08-11,0,"Normal"
1995-08-12,0.11,"Normal"
1995-08-13,0,"Normal"
1995-08-14,0.02,"Normal"
1995-08-15,0,"Normal"
1995-08-16,0.58,"Normal"
1995-08-17,0.46,"Normal"
1995-08-18,0.01,"Normal"
1995-08-19,0,"Normal"
1995-08-20,0,"Normal"
1995-08-21,0,"Normal"
1995-08-22,0,"Normal"
1995-08-23,0,"Normal"
1995-08-24,0,"Normal"
1995-08-25,0,"Normal"
1995-08-26,0,"Normal"
1995-08-27,0,"Normal"
1995-08-28,0.01,"Normal"
1995-08-29,0,"Normal"
1995-08-30,0,"Normal"
1995-08-31,0,"Normal"
1995-09-01,0,"Normal"
1995-09-02,0,"Normal"
1995-09-03,0,"Normal"
1995-09-04,0.77,"Normal"
1995-09-05,0.02,"Normal"
1995-09-06,0.09,"Normal"
1995-09-07,0,"Normal"
1995-09-08,0,"Normal"
1995-09-09,0.01,"Normal"
1995-09-10,0,"Normal"
1995-09-11,0,"Normal"
1995-09-12,0.01,"Normal"
1995-09-13,0,"Normal"
1995-09-14,0.01,"Normal"
1995-09-15,0,"Normal"
1995-09-16,0,"Normal"
1995-09-17,0,"Normal"
1995-09-18,0,"Normal"
1995-09-19,0,"Normal"
1995-09-20,0,"Normal"
1995-09-21,0,"Normal"
1995-09-22,0,"Normal"
1995-09-23,0,"Normal"
1995-09-24,0,"Normal"
1995-09-25,0.28,"Normal"
1995-09-26,0.26,"Normal"
1995-09-27,0.53,"Normal"
1995-09-28,0.1,"Normal"
1995-09-29,0.13,"Normal"
1995-09-30,0.35,"Normal"
1995-10-01,0.01,"Normal"
1995-10-02,0.18,"Normal"
1995-10-03,0.08,"Normal"
1995-10-04,0,"Normal"
1995-10-05,0,"Normal"
1995-10-06,0.02,"Normal"
1995-10-07,0,"Normal"
1995-10-08,0.17,"Normal"
1995-10-09,0.12,"Normal"
1995-10-10,1.81,"Normal"
1995-10-11,0.72,"Normal"
1995-10-12,0.01,"Normal"
1995-10-13,0,"Normal"
1995-10-14,0,"Normal"
1995-10-15,0.22,"Normal"
1995-10-16,0.6,"Normal"
1995-10-17,0.36,"Normal"
1995-10-18,0,"Normal"
1995-10-19,0,"Normal"
1995-10-20,0.28,"Normal"
1995-10-21,0.17,"Normal"
1995-10-22,0,"Normal"
1995-10-23,0.02,"Normal"
1995-10-24,0,"Normal"
1995-10-25,0.67,"Normal"
1995-10-26,0.2,"Normal"
1995-10-27,0,"Normal"
1995-10-28,0,"Normal"
1995-10-29,0,"Normal"
1995-10-30,0.01,"Normal"
1995-10-31,0,"Normal"
1995-11-01,0,"Normal"
1995-11-02,0.01,"Normal"
1995-11-03,0,"Normal"
1995-11-04,0.07,"Normal"
1995-11-05,0.28,"Normal"
1995-11-06,0.57,"Normal"
1995-11-07,1.33,"Normal"
1995-11-08,1.55,"Normal"
1995-11-09,0,"Normal"
1995-11-10,0.98,"Normal"
1995-11-11,1.1,"Normal"
1995-11-12,0.22,"Normal"
1995-11-13,0.32,"Normal"
1995-11-14,0.01,"Normal"
1995-11-15,0,"Normal"
1995-11-16,0,"Normal"
1995-11-17,0,"Normal"
1995-11-18,0,"Normal"
1995-11-19,0,"Normal"
1995-11-20,0,"Normal"
1995-11-21,0.01,"Normal"
1995-11-22,0.05,"UNK"
1995-11-23,0,"UNK"
1995-11-24,0,"UNK"
1995-11-25,0.01,"UNK"
1995-11-26,0.01,"UNK"
1995-11-27,0.01,"UNK"
1995-11-28,0,"UNK"
1995-11-29,0.01,"UNK"
1995-11-30,0.54,"Normal"
1995-12-01,0.9,"Normal"
1995-12-02,0.62,"Normal"
1995-12-03,0.32,"Normal"
1995-12-04,0.03,"Normal"
1995-12-05,0,"Normal"
1995-12-06,0.01,"Normal"
1995-12-07,0,"Normal"
1995-12-08,0,"Normal"
1995-12-09,0.68,"Normal"
1995-12-10,0.73,"Normal"
1995-12-11,0.71,"Normal"
1995-12-12,1.03,"Normal"
1995-12-13,0.34,"Normal"
1995-12-14,0.59,"Normal"
1995-12-15,0.09,"Normal"
1995-12-16,0.01,"Normal"
1995-12-17,0.33,"Normal"
1995-12-18,0.23,"Normal"
1995-12-19,0,"Normal"
1995-12-20,0,"Normal"
1995-12-21,0,"Normal"
1995-12-22,0.01,"Normal"
1995-12-23,0.01,"Normal"
1995-12-24,0.01,"Normal"
1995-12-25,0.01,"Normal"
1995-12-26,0.01,"Normal"
1995-12-27,0.17,"Normal"
1995-12-28,0.55,"Normal"
1995-12-29,0.63,"Normal"
1995-12-30,0.42,"Normal"
1995-12-31,0,"Normal"
1996-01-01,0.02,"Normal"
1996-01-02,0.33,"Normal"
1996-01-03,0.13,"Normal"
1996-01-04,0.09,"Normal"
1996-01-05,0.48,"Normal"
1996-01-06,0.53,"Normal"
1996-01-07,0.92,"Normal"
1996-01-08,0.01,"Normal"
1996-01-09,0.09,"Normal"
1996-01-10,0.01,"Normal"
1996-01-11,0,"Normal"
1996-01-12,0.01,"Normal"
1996-01-13,0.12,"Normal"
1996-01-14,0.22,"Normal"
1996-01-15,1.13,"Normal"
1996-01-16,0.02,"Normal"
1996-01-17,0,"Normal"
1996-01-18,0.12,"Normal"
1996-01-19,0.62,"Normal"
1996-01-20,0.84,"Normal"
1996-01-21,0.27,"Normal"
1996-01-22,0.2,"Normal"
1996-01-23,0.27,"Normal"
1996-01-24,0.36,"Normal"
1996-01-25,0,"Normal"
1996-01-26,0,"Normal"
1996-01-27,0.01,"Normal"
1996-01-28,0.22,"Normal"
1996-01-29,0,"Normal"
1996-01-30,0.03,"Normal"
1996-01-31,0,"Normal"
1996-02-01,0,"Normal"
1996-02-02,0,"Normal"
1996-02-03,0.24,"Normal"
1996-02-04,0.08,"Normal"
1996-02-05,1.05,"Normal"
1996-02-06,1.84,"Normal"
1996-02-07,2.01,"Normal"
1996-02-08,3.34,"Normal"
1996-02-09,0,"Normal"
1996-02-10,0.01,"Normal"
1996-02-11,0.01,"Normal"
1996-02-12,0,"Normal"
1996-02-13,0,"Normal"
1996-02-14,0,"Normal"
1996-02-15,0.01,"Normal"
1996-02-16,0.02,"Normal"
1996-02-17,0.58,"Normal"
1996-02-18,0.49,"Normal"
1996-02-19,0.16,"Normal"
1996-02-20,0.35,"Normal"
1996-02-21,0.06,"Normal"
1996-02-22,0.77,"Normal"
1996-02-23,0.38,"Normal"
1996-02-24,0.01,"Normal"
1996-02-25,0.01,"Normal"
1996-02-26,0,"Normal"
1996-02-27,0.01,"Normal"
1996-02-28,0,"Normal"
1996-02-29,0,"Normal"
1996-03-01,0,"Normal"
1996-03-02,0,"Normal"
1996-03-03,0.67,"Normal"
1996-03-04,0.35,"Normal"
1996-03-05,0.21,"Normal"
1996-03-06,0.04,"Normal"
1996-03-07,0.16,"Normal"
1996-03-08,0,"Normal"
1996-03-09,0.25,"Normal"
1996-03-10,0.26,"Normal"
1996-03-11,0.05,"Normal"
1996-03-12,0.06,"Normal"
1996-03-13,0,"Normal"
1996-03-14,0,"Normal"
1996-03-15,0,"Normal"
1996-03-16,0,"Normal"
1996-03-17,0,"Normal"
1996-03-18,0,"Normal"
1996-03-19,0.11,"Normal"
1996-03-20,0.01,"Normal"
1996-03-21,0.09,"Normal"
1996-03-22,0.28,"Normal"
1996-03-23,0.02,"Normal"
1996-03-24,0,"Normal"
1996-03-25,0,"Normal"
1996-03-26,0,"Normal"
1996-03-27,0.01,"Normal"
1996-03-28,0,"Normal"
1996-03-29,0.26,"Normal"
1996-03-30,0.03,"Normal"
1996-03-31,0.49,"Normal"
1996-04-01,0.59,"Normal"
1996-04-02,0,"Normal"
1996-04-03,0,"Normal"
1996-04-04,0,"Normal"
1996-04-05,0,"Normal"
1996-04-06,0.16,"Normal"
1996-04-07,0,"Normal"
1996-04-08,0,"Normal"
1996-04-09,0,"Normal"
1996-04-10,0.09,"Normal"
1996-04-11,0.25,"Normal"
1996-04-12,0.31,"Normal"
1996-04-13,0.04,"Normal"
1996-04-14,0,"Normal"
1996-04-15,0.79,"Normal"
1996-04-16,0.15,"Normal"
1996-04-17,0.14,"Normal"
1996-04-18,0.31,"Normal"
1996-04-19,0.1,"Normal"
1996-04-20,0.01,"Normal"
1996-04-21,0,"Normal"
1996-04-22,1.02,"Normal"
1996-04-23,2.24,"Normal"
1996-04-24,0.45,"Normal"
1996-04-25,0.58,"Normal"
1996-04-26,0.14,"Normal"
1996-04-27,0,"Normal"
1996-04-28,0,"Normal"
1996-04-29,0,"Normal"
1996-04-30,0.02,"Normal"
1996-05-01,0,"Normal"
1996-05-02,0.01,"Normal"
1996-05-03,0.04,"Normal"
1996-05-04,0,"Normal"
1996-05-05,0,"Normal"
1996-05-06,0,"Normal"
1996-05-07,0.16,"Normal"
1996-05-08,0,"Normal"
1996-05-09,0,"Normal"
1996-05-10,0,"Normal"
1996-05-11,0.32,"Normal"
1996-05-12,0.78,"Normal"
1996-05-13,0.2,"Normal"
1996-05-14,0.05,"Normal"
1996-05-15,0.05,"Normal"
1996-05-16,0.02,"Normal"
1996-05-17,0.46,"Normal"
1996-05-18,0.35,"Normal"
1996-05-19,0.11,"Normal"
1996-05-20,0.01,"Normal"
1996-05-21,0.2,"Normal"
1996-05-22,0.09,"Normal"
1996-05-23,0.18,"Normal"
1996-05-24,0.01,"Normal"
1996-05-25,0,"Normal"
1996-05-26,0,"Normal"
1996-05-27,0,"Normal"
1996-05-28,0,"Normal"
1996-05-29,0,"Normal"
1996-05-30,0,"Normal"
1996-05-31,0,"Normal"
1996-06-01,0,"Normal"
1996-06-02,0,"Normal"
1996-06-03,0,"Normal"
1996-06-04,0,"Normal"
1996-06-05,0,"Normal"
1996-06-06,0,"Normal"
1996-06-07,0,"Normal"
1996-06-08,0,"Normal"
1996-06-09,0.09,"Normal"
1996-06-10,0,"Normal"
1996-06-11,0,"Normal"
1996-06-12,0,"Normal"
1996-06-13,0,"Normal"
1996-06-14,0,"Normal"
1996-06-15,0,"Normal"
1996-06-16,0,"Normal"
1996-06-17,0.32,"Normal"
1996-06-18,0,"Normal"
1996-06-19,0,"Normal"
1996-06-20,0,"Normal"
1996-06-21,0,"Normal"
1996-06-22,0,"Normal"
1996-06-23,0.74,"Normal"
1996-06-24,0.38,"Normal"
1996-06-25,0,"Normal"
1996-06-26,0,"Normal"
1996-06-27,0.3,"Normal"
1996-06-28,0,"Normal"
1996-06-29,0,"Normal"
1996-06-30,0,"Normal"
1996-07-01,0,"Normal"
1996-07-02,0,"Normal"
1996-07-03,0.22,"Normal"
1996-07-04,0.01,"Normal"
1996-07-05,0,"Normal"
1996-07-06,0,"Normal"
1996-07-07,0,"Normal"
1996-07-08,0,"Normal"
1996-07-09,0,"Normal"
1996-07-10,0,"Normal"
1996-07-11,0,"Normal"
1996-07-12,0,"Normal"
1996-07-13,0,"Normal"
1996-07-14,0,"Normal"
1996-07-15,0,"Normal"
1996-07-16,0,"Normal"
1996-07-17,0.14,"Normal"
1996-07-18,0.55,"Normal"
1996-07-19,0.09,"Normal"
1996-07-20,0.02,"Normal"
1996-07-21,0,"Normal"
1996-07-22,0,"Normal"
1996-07-23,0,"Normal"
1996-07-24,0,"Normal"
1996-07-25,0,"Normal"
1996-07-26,0,"Normal"
1996-07-27,0,"Normal"
1996-07-28,0,"Normal"
1996-07-29,0,"Normal"
1996-07-30,0,"Normal"
1996-07-31,0,"Normal"
1996-08-01,0,"Normal"
1996-08-02,0.21,"Normal"
1996-08-03,0,"Normal"
1996-08-04,0.16,"Normal"
1996-08-05,0.01,"Normal"
1996-08-06,0,"Normal"
1996-08-07,0,"Normal"
1996-08-08,0,"Normal"
1996-08-09,0,"Normal"
1996-08-10,0,"Normal"
1996-08-11,0,"Normal"
1996-08-12,0,"Normal"
1996-08-13,0,"Normal"
1996-08-14,0,"Normal"
1996-08-15,0,"Normal"
1996-08-16,0,"Normal"
1996-08-17,0,"Normal"
1996-08-18,0,"Normal"
1996-08-19,0,"Normal"
1996-08-20,0,"Normal"
1996-08-21,0,"Normal"
1996-08-22,0,"Normal"
1996-08-23,0,"Normal"
1996-08-24,0,"Normal"
1996-08-25,0,"Normal"
1996-08-26,0,"Normal"
1996-08-27,0,"Normal"
1996-08-28,0,"Normal"
1996-08-29,0,"Normal"
1996-08-30,0.04,"Normal"
1996-08-31,0,"Normal"
1996-09-01,0,"Normal"
1996-09-02,0,"Normal"
1996-09-03,0.31,"Normal"
1996-09-04,0,"Normal"
1996-09-05,0.1,"Normal"
1996-09-06,0,"Normal"
1996-09-07,0.03,"Normal"
1996-09-08,0.03,"Normal"
1996-09-09,0,"Normal"
1996-09-10,0,"Normal"
1996-09-11,0,"Normal"
1996-09-12,0.01,"Normal"
1996-09-13,0.28,"Normal"
1996-09-14,0.8,"Normal"
1996-09-15,1.67,"Normal"
1996-09-16,0.1,"Normal"
1996-09-17,0,"Normal"
1996-09-18,0.09,"Normal"
1996-09-19,0.04,"Normal"
1996-09-20,0.04,"Normal"
1996-09-21,0.01,"Normal"
1996-09-22,0,"Normal"
1996-09-23,0,"Normal"
1996-09-24,0,"Normal"
1996-09-25,0,"Normal"
1996-09-26,0,"Normal"
1996-09-27,0,"Normal"
1996-09-28,0,"Normal"
1996-09-29,0.02,"Normal"
1996-09-30,0.01,"Normal"
1996-10-01,0,"Normal"
1996-10-02,0.01,"Normal"
1996-10-03,0.13,"Normal"
1996-10-04,0.65,"Normal"
1996-10-05,0,"Normal"
1996-10-06,0,"Normal"
1996-10-07,0.01,"Normal"
1996-10-08,0.01,"Normal"
1996-10-09,0,"Normal"
1996-10-10,0,"Normal"
1996-10-11,0.07,"Normal"
1996-10-12,0.08,"Normal"
1996-10-13,0.47,"Normal"
1996-10-14,0.74,"Normal"
1996-10-15,0.15,"Normal"
1996-10-16,0,"Normal"
1996-10-17,0.86,"Normal"
1996-10-18,0.39,"Normal"
1996-10-19,0.01,"Normal"
1996-10-20,0.01,"Normal"
1996-10-21,0.61,"Normal"
1996-10-22,0.07,"Normal"
1996-10-23,0.98,"Normal"
1996-10-24,0.19,"Normal"
1996-10-25,0.1,"Normal"
1996-10-26,0,"Normal"
1996-10-27,0,"Normal"
1996-10-28,0.41,"Normal"
1996-10-29,0.03,"Normal"
1996-10-30,0,"Normal"
1996-10-31,0.01,"Normal"
1996-11-01,0.01,"FAIL"
1996-11-02,0,"FAIL"
1996-11-03,0,"FAIL"
1996-11-04,0,"FAIL"
1996-11-05,0,"FAIL"
1996-11-06,0,"FAIL"
1996-11-07,0,"FAIL"
1996-11-08,0,"FAIL"
1996-11-09,0,"FAIL"
1996-11-10,0,"FAIL"
1996-11-11,0,"FAIL"
1996-11-12,0,"FAIL"
1996-11-13,0,"FAIL"
1996-11-14,0,"FAIL"
1996-11-15,0,"FAIL"
1996-11-16,0,"FAIL"
1996-11-17,0,"FAIL"
1996-11-18,0,"FAIL"
1996-11-19,0,"FAIL"
1996-11-20,0,"FAIL"
1996-11-21,0,"FAIL"
1996-11-22,0,"FAIL"
1996-11-23,0,"FAIL"
1996-11-24,0,"FAIL"
1996-11-25,0,"FAIL"
1996-11-26,0,"FAIL"
1996-11-27,0,"FAIL"
1996-11-28,0,"FAIL"
1996-11-29,0,"FAIL"
1996-11-30,0,"FAIL"
1996-12-01,0,"FAIL"
1996-12-02,0,"FAIL"
1996-12-03,0,"FAIL"
1996-12-04,0,"FAIL"
1996-12-05,0,"FAIL"
1996-12-06,0,"FAIL"
1996-12-07,0,"FAIL"
1996-12-08,0,"FAIL"
1996-12-09,0,"FAIL"
1996-12-10,0,"FAIL"
1996-12-11,0,"FAIL"
1996-12-12,0,"FAIL"
1996-12-13,0,"FAIL"
1996-12-14,0,"FAIL"
1996-12-15,0,"FAIL"
1996-12-16,0,"FAIL"
1996-12-17,0,"FAIL"
1996-12-18,0,"FAIL"
1996-12-19,0,"FAIL"
1996-12-20,0,"FAIL"
1996-12-21,0,"FAIL"
1996-12-22,0,"FAIL"
1996-12-23,0,"FAIL"
1996-12-24,0,"FAIL"
1996-12-25,0,"FAIL"
1996-12-26,0,"FAIL"
1996-12-27,0,"FAIL"
1996-12-28,0,"FAIL"
1996-12-29,0,"FAIL"
1996-12-30,0,"FAIL"
1996-12-31,0,"FAIL"
1997-01-01,0,"FAIL"
1997-01-02,0,"FAIL"
1997-01-03,0,"FAIL"
1997-01-04,0,"FAIL"
1997-01-05,0,"FAIL"
1997-01-06,0,"FAIL"
1997-01-07,0,"FAIL"
1997-01-08,0,"FAIL"
1997-01-09,0,"FAIL"
1997-01-10,0,"FAIL"
1997-01-11,0,"FAIL"
1997-01-12,0,"FAIL"
1997-01-13,0,"FAIL"
1997-01-14,0,"FAIL"
1997-01-15,0,"FAIL"
1997-01-16,0,"FAIL"
1997-01-17,0,"FAIL"
1997-01-18,0,"FAIL"
1997-01-19,0,"FAIL"
1997-01-20,0,"FAIL"
1997-01-21,0,"FAIL"
1997-01-22,0,"FAIL"
1997-01-23,0,"FAIL"
1997-01-24,0,"FAIL"
1997-01-25,0,"FAIL"
1997-01-26,0,"FAIL"
1997-01-27,0,"FAIL"
1997-01-28,0,"FAIL"
1997-01-29,0,"FAIL"
1997-01-30,0,"FAIL"
1997-01-31,0,"FAIL"
1997-02-01,0,"FAIL"
1997-02-02,0,"FAIL"
1997-02-03,0,"FAIL"
1997-02-04,0,"FAIL"
1997-02-05,0,"FAIL"
1997-02-06,0.01,"FAIL"
1997-02-07,0.4,"Normal"
1997-02-08,0.01,"Normal"
1997-02-09,0.01,"Normal"
1997-02-10,0,"Normal"
1997-02-11,0.63,"Normal"
1997-02-12,0.31,"Normal"
1997-02-13,0.05,"Normal"
1997-02-14,0.61,"Normal"
1997-02-15,0,"Normal"
1997-02-16,0.17,"Normal"
1997-02-17,0.16,"Normal"
1997-02-18,0.6,"Normal"
1997-02-19,0.78,"Normal"
1997-02-20,0.02,"Normal"
1997-02-21,0.01,"Normal"
1997-02-22,0,"Normal"
1997-02-23,0.01,"Normal"
1997-02-24,0.01,"Normal"
1997-02-25,0.01,"Normal"
1997-02-26,0,"Normal"
1997-02-27,0.15,"Normal"
1997-02-28,0.1,"Normal"
1997-03-01,1.14,"Normal"
1997-03-02,0.55,"Normal"
1997-03-03,0.1,"Normal"
1997-03-04,0,"Normal"
1997-03-05,0.26,"Normal"
1997-03-06,0.67,"Normal"
1997-03-07,0.54,"Normal"
1997-03-08,0.12,"Normal"
1997-03-09,0.75,"Normal"
1997-03-10,0,"Normal"
1997-03-11,0.32,"Normal"
1997-03-12,0.24,"Normal"
1997-03-13,0.05,"Normal"
1997-03-14,0,"Normal"
1997-03-15,1.25,"Normal"
1997-03-16,0.33,"Normal"
1997-03-17,0.2,"Normal"
1997-03-18,1.07,"Normal"
1997-03-19,1.18,"Normal"
1997-03-20,0.21,"Normal"
1997-03-21,0.01,"Normal"
1997-03-22,0,"Normal"
1997-03-23,0,"Normal"
1997-03-24,0,"Normal"
1997-03-25,0.02,"Normal"
1997-03-26,0.31,"Normal"
1997-03-27,0.24,"Normal"
1997-03-28,0.18,"Normal"
1997-03-29,0,"Normal"
1997-03-30,0.21,"Normal"
1997-03-31,0.2,"Normal"
1997-04-01,0.01,"Normal"
1997-04-02,0,"Normal"
1997-04-03,0.08,"Normal"
1997-04-04,0.01,"Normal"
1997-04-05,0,"Normal"
1997-04-06,0,"Normal"
1997-04-07,0.02,"Normal"
1997-04-08,0.1,"Normal"
1997-04-09,0,"Normal"
1997-04-10,0.13,"Normal"
1997-04-11,0.01,"Normal"
1997-04-12,0.06,"Normal"
1997-04-13,0.36,"Normal"
1997-04-14,0.26,"Normal"
1997-04-15,0.15,"Normal"
1997-04-16,0.18,"Normal"
1997-04-17,0,"Normal"
1997-04-18,0.06,"Normal"
1997-04-19,1.38,"Normal"
1997-04-20,0.11,"Normal"
1997-04-21,0,"Normal"
1997-04-22,0.41,"Normal"
1997-04-23,0.26,"Normal"
1997-04-24,0,"Normal"
1997-04-25,0,"Normal"
1997-04-26,0,"Normal"
1997-04-27,0,"Normal"
1997-04-28,0,"Normal"
1997-04-29,0,"Normal"
1997-04-30,0,"Normal"
1997-05-01,0,"FAIL"
1997-05-02,0,"FAIL"
1997-05-03,0,"FAIL"
1997-05-04,0,"FAIL"
1997-05-05,0,"FAIL"
1997-05-06,0,"FAIL"
1997-05-07,0,"FAIL"
1997-05-08,0,"FAIL"
1997-05-09,0,"FAIL"
1997-05-10,0,"FAIL"
1997-05-11,0,"FAIL"
1997-05-12,0,"FAIL"
1997-05-13,0,"FAIL"
1997-05-14,0,"FAIL"
1997-05-15,0,"FAIL"
1997-05-16,0,"FAIL"
1997-05-17,0,"FAIL"
1997-05-18,0,"FAIL"
1997-05-19,0,"FAIL"
1997-05-20,0,"FAIL"
1997-05-21,0,"FAIL"
1997-05-22,0,"FAIL"
1997-05-23,0,"FAIL"
1997-05-24,0,"FAIL"
1997-05-25,0,"FAIL"
1997-05-26,0,"FAIL"
1997-05-27,0,"FAIL"
1997-05-28,0,"FAIL"
1997-05-29,0,"FAIL"
1997-05-30,0,"FAIL"
1997-05-31,0,"FAIL"
1997-06-01,0,"Normal"
1997-06-02,0,"Normal"
1997-06-03,0.14,"Normal"
1997-06-04,0.34,"Normal"
1997-06-05,0,"Normal"
1997-06-06,0,"Normal"
1997-06-07,0,"Normal"
1997-06-08,0,"Normal"
1997-06-09,0,"Normal"
1997-06-10,0,"Normal"
1997-06-11,0.13,"Normal"
1997-06-12,0.02,"Normal"
1997-06-13,0,"Normal"
1997-06-14,0,"Normal"
1997-06-15,0,"Normal"
1997-06-16,0.08,"Normal"
1997-06-17,0.64,"Normal"
1997-06-18,0.01,"Normal"
1997-06-19,0,"Normal"
1997-06-20,0.07,"Normal"
1997-06-21,0.6,"Normal"
1997-06-22,0.19,"Normal"
1997-06-23,0,"Normal"
1997-06-24,0,"Normal"
1997-06-25,0.01,"Normal"
1997-06-26,0.09,"Normal"
1997-06-27,0.02,"Normal"
1997-06-28,0.24,"Normal"
1997-06-29,0.07,"Normal"
1997-06-30,0.02,"Normal"
1997-07-01,0,"Normal"
1997-07-02,0,"Normal"
1997-07-03,0,"Normal"
1997-07-04,0,"Normal"
1997-07-05,0.17,"Normal"
1997-07-06,0.04,"Normal"
1997-07-07,0,"Normal"
1997-07-08,0.68,"Normal"
1997-07-09,0.01,"Normal"
1997-07-10,0.01,"Normal"
1997-07-11,0,"Normal"
1997-07-12,0,"Normal"
1997-07-13,0,"Normal"
1997-07-14,0,"Normal"
1997-07-15,0,"Normal"
1997-07-16,0,"Normal"
1997-07-17,0,"Normal"
1997-07-18,0,"Normal"
1997-07-19,0,"Normal"
1997-07-20,0,"Normal"
1997-07-21,0,"Normal"
1997-07-22,0,"Normal"
1997-07-23,0,"Normal"
1997-07-24,0,"Normal"
1997-07-25,0,"Normal"
1997-07-26,0,"Normal"
1997-07-27,0,"Normal"
1997-07-28,0,"Normal"
1997-07-29,0,"Normal"
1997-07-30,0,"Normal"
1997-07-31,0,"Normal"
1997-08-01,0,"Normal"
1997-08-02,0,"Normal"
1997-08-03,0,"Normal"
1997-08-04,0,"Normal"
1997-08-05,0,"Normal"
1997-08-06,0,"Normal"
1997-08-07,0,"Normal"
1997-08-08,0,"Normal"
1997-08-09,0,"Normal"
1997-08-10,0,"Normal"
1997-08-11,0,"Normal"
1997-08-12,0,"Normal"
1997-08-13,0,"Normal"
1997-08-14,0,"Normal"
1997-08-15,0,"Normal"
1997-08-16,0,"Normal"
1997-08-17,0,"Normal"
1997-08-18,0,"Normal"
1997-08-19,0,"Normal"
1997-08-20,0.23,"Normal"
1997-08-21,0.01,"Normal"
1997-08-22,0,"Normal"
1997-08-23,0,"Normal"
1997-08-24,0.29,"Normal"
1997-08-25,0.06,"Normal"
1997-08-26,0.91,"Normal"
1997-08-27,0.06,"Normal"
1997-08-28,0.17,"Normal"
1997-08-29,0,"Normal"
1997-08-30,0,"Normal"
1997-08-31,0,"Normal"
1997-09-01,0.06,"Normal"
1997-09-02,0,"Normal"
1997-09-03,0,"Normal"
1997-09-04,0,"Normal"
1997-09-05,0,"Normal"
1997-09-06,0,"Normal"
1997-09-07,0,"Normal"
1997-09-08,0,"Normal"
1997-09-09,0,"Normal"
1997-09-10,0,"Normal"
1997-09-11,0,"Normal"
1997-09-12,0.47,"Normal"
1997-09-13,0.41,"Normal"
1997-09-14,0.2,"Normal"
1997-09-15,0.29,"Normal"
1997-09-16,0.48,"Normal"
1997-09-17,0.58,"Normal"
1997-09-18,0.02,"Normal"
1997-09-19,0.01,"Normal"
1997-09-20,0,"Normal"
1997-09-21,0,"Normal"
1997-09-22,0.01,"Normal"
1997-09-23,0.01,"Normal"
1997-09-24,0,"Normal"
1997-09-25,0.35,"Normal"
1997-09-26,0.84,"Normal"
1997-09-27,0.02,"Normal"
1997-09-28,0,"Normal"
1997-09-29,0,"Normal"
1997-09-30,0.2,"Normal"
1997-10-01,0.72,"Normal"
1997-10-02,0.21,"Normal"
1997-10-03,1.13,"Normal"
1997-10-04,0.75,"Normal"
1997-10-05,0,"Normal"
1997-10-06,0,"Normal"
1997-10-07,0.03,"Normal"
1997-10-08,0.53,"Normal"
1997-10-09,0.35,"Normal"
1997-10-10,0.07,"Normal"
1997-10-11,0.01,"Normal"
1997-10-12,0.03,"Normal"
1997-10-13,0.05,"Normal"
1997-10-14,0.17,"Normal"
1997-10-15,0,"Normal"
1997-10-16,0.01,"Normal"
1997-10-17,0.01,"Normal"
1997-10-18,0,"Normal"
1997-10-19,0,"Normal"
1997-10-20,0.01,"Normal"
1997-10-21,0.01,"Normal"
1997-10-22,0.01,"Normal"
1997-10-23,0.01,"Normal"
1997-10-24,0.01,"Normal"
1997-10-25,0,"Normal"
1997-10-26,0.1,"Normal"
1997-10-27,0,"Normal"
1997-10-28,0.63,"Normal"
1997-10-29,1.59,"Normal"
1997-10-30,2.03,"Normal"
1997-10-31,0.5,"Normal"
1997-11-01,0.01,"Normal"
1997-11-02,0.01,"Normal"
1997-11-03,0.17,"Normal"
1997-11-04,0.01,"Normal"
1997-11-05,0.09,"Normal"
1997-11-06,0.25,"Normal"
1997-11-07,0.34,"Normal"
1997-11-08,0,"Normal"
1997-11-09,0.01,"Normal"
1997-11-10,0.01,"Normal"
1997-11-11,0,"Normal"
1997-11-12,0.01,"Normal"
1997-11-13,0.01,"Normal"
1997-11-14,0,"Normal"
1997-11-15,0.01,"Normal"
1997-11-16,0.17,"Normal"
1997-11-17,1.28,"Normal"
1997-11-18,0.04,"Normal"
1997-11-19,0.87,"Normal"
1997-11-20,0.46,"Normal"
1997-11-21,0.01,"Normal"
1997-11-22,0.24,"Normal"
1997-11-23,0.77,"Normal"
1997-11-24,0.65,"Normal"
1997-11-25,0.07,"Normal"
1997-11-26,0,"Normal"
1997-11-27,0,"Normal"
1997-11-28,0.44,"Normal"
1997-11-29,0.43,"Normal"
1997-11-30,0.16,"Normal"
1997-12-01,0.01,"Normal"
1997-12-02,0,"Normal"
1997-12-03,0.01,"Normal"
1997-12-04,0.01,"Normal"
1997-12-05,0,"Normal"
1997-12-06,0.01,"Normal"
1997-12-07,0.09,"Normal"
1997-12-08,0.05,"Normal"
1997-12-09,0.12,"Normal"
1997-12-10,0.18,"Normal"
1997-12-11,0.01,"Normal"
1997-12-12,0.01,"Normal"
1997-12-13,0,"Normal"
1997-12-14,0.15,"Normal"
1997-12-15,0.39,"Normal"
1997-12-16,2.7,"Normal"
1997-12-17,0.27,"Normal"
1997-12-18,0,"Normal"
1997-12-19,0.02,"Normal"
1997-12-20,0.35,"Normal"
1997-12-21,0,"Normal"
1997-12-22,0.11,"Normal"
1997-12-23,0.13,"Normal"
1997-12-24,0,"Normal"
1997-12-25,0.01,"Normal"
1997-12-26,0.2,"Normal"
1997-12-27,0,"Normal"
1997-12-28,0.03,"Normal"
1997-12-29,0,"Normal"
1997-12-30,0,"Normal"
1997-12-31,0.01,"Normal"
1998-01-01,1.06,"Normal"
1998-01-02,0.08,"Normal"
1998-01-03,0.08,"Normal"
1998-01-04,0.11,"Normal"
1998-01-05,2.18,"Normal"
1998-01-06,0.49,"Normal"
1998-01-07,0.03,"Normal"
1998-01-08,0.01,"Normal"
1998-01-09,0.01,"Normal"
1998-01-10,0,"Normal"
1998-01-11,0,"Normal"
1998-01-12,0.55,"Normal"
1998-01-13,0.56,"Normal"
1998-01-14,1.11,"Normal"
1998-01-15,0.14,"Normal"
1998-01-16,0.93,"Normal"
1998-01-17,0.35,"Normal"
1998-01-18,0.37,"Normal"
1998-01-19,0.05,"Normal"
1998-01-20,0.04,"Normal"
1998-01-21,0.21,"Normal"
1998-01-22,0.32,"Normal"
1998-01-23,0.8,"Normal"
1998-01-24,1.14,"Normal"
1998-01-25,0.28,"Normal"
1998-01-26,0.07,"Normal"
1998-01-27,0.02,"Normal"
1998-01-28,0.04,"Normal"
1998-01-29,0.25,"Normal"
1998-01-30,0,"Normal"
1998-01-31,0.01,"Normal"
1998-02-01,0.03,"Normal"
1998-02-02,0.05,"Normal"
1998-02-03,0.14,"Normal"
1998-02-04,0.1,"Normal"
1998-02-05,0.05,"Normal"
1998-02-06,0.01,"Normal"
1998-02-07,0.01,"Normal"
1998-02-08,0.47,"Normal"
1998-02-09,0.01,"Normal"
1998-02-10,0.18,"Normal"
1998-02-11,0.05,"Normal"
1998-02-12,0.74,"Normal"
1998-02-13,0.39,"Normal"
1998-02-14,0.19,"Normal"
1998-02-15,0.11,"Normal"
1998-02-16,0,"Normal"
1998-02-17,0.13,"Normal"
1998-02-18,0.36,"Normal"
1998-02-19,0.12,"Normal"
1998-02-20,0.2,"Normal"
1998-02-21,0.34,"Normal"
1998-02-22,0.14,"Normal"
1998-02-23,0.01,"Normal"
1998-02-24,0,"Normal"
1998-02-25,0.18,"Normal"
1998-02-26,0,"Normal"
1998-02-27,0.01,"Normal"
1998-02-28,0.52,"Normal"
1998-03-01,1.19,"Normal"
1998-03-02,0.15,"Normal"
1998-03-03,0.15,"Normal"
1998-03-04,0,"Normal"
1998-03-05,0.01,"Normal"
1998-03-06,0,"Normal"
1998-03-07,0.01,"Normal"
1998-03-08,0.34,"Normal"
1998-03-09,1.01,"Normal"
1998-03-10,0.24,"Normal"
1998-03-11,0,"Normal"
1998-03-12,0.02,"Normal"
1998-03-13,0.02,"Normal"
1998-03-14,0,"Normal"
1998-03-15,0.03,"Normal"
1998-03-16,0,"Normal"
1998-03-17,0,"Normal"
1998-03-18,0,"Normal"
1998-03-19,0,"Normal"
1998-03-20,0,"Normal"
1998-03-21,0.28,"Normal"
1998-03-22,0.45,"Normal"
1998-03-23,0.85,"Normal"
1998-03-24,0.33,"Normal"
1998-03-25,0,"Normal"
1998-03-26,0.27,"Normal"
1998-03-27,0.01,"Normal"
1998-03-28,0,"Normal"
1998-03-29,0,"Normal"
1998-03-30,0.12,"Normal"
1998-03-31,0.13,"Normal"
1998-04-01,0,"Normal"
1998-04-02,0,"Normal"
1998-04-03,0,"Normal"
1998-04-04,0.1,"Normal"
1998-04-05,0.01,"Normal"
1998-04-06,0.04,"Normal"
1998-04-07,0.02,"Normal"
1998-04-08,0.01,"Normal"
1998-04-09,0.27,"Normal"
1998-04-10,0.12,"Normal"
1998-04-11,0.16,"Normal"
1998-04-12,0.13,"Normal"
1998-04-13,0.18,"Normal"
1998-04-14,0,"Normal"
1998-04-15,0.01,"Normal"
1998-04-16,0,"Normal"
1998-04-17,0,"Normal"
1998-04-18,0.06,"Normal"
1998-04-19,0,"Normal"
1998-04-20,0,"Normal"
1998-04-21,0,"Normal"
1998-04-22,0,"Normal"
1998-04-23,0.18,"Normal"
1998-04-24,0.01,"Normal"
1998-04-25,0,"Normal"
1998-04-26,0,"Normal"
1998-04-27,0,"Normal"
1998-04-28,0,"Normal"
1998-04-29,0,"Normal"
1998-04-30,0,"Normal"
1998-05-01,0.03,"Normal"
1998-05-02,0.05,"Normal"
1998-05-03,0,"Normal"
1998-05-04,0,"Normal"
1998-05-05,0,"Normal"
1998-05-06,0,"Normal"
1998-05-07,0,"Normal"
1998-05-08,0,"Normal"
1998-05-09,0.01,"Normal"
1998-05-10,0,"Normal"
1998-05-11,0.02,"Normal"
1998-05-12,0.07,"Normal"
1998-05-13,0.23,"Normal"
1998-05-14,0.35,"Normal"
1998-05-15,0.17,"Normal"
1998-05-16,0.01,"Normal"
1998-05-17,0,"Normal"
1998-05-18,0,"Normal"
1998-05-19,0.01,"Normal"
1998-05-20,0.08,"Normal"
1998-05-21,0.09,"Normal"
1998-05-22,0,"Normal"
1998-05-23,0,"Normal"
1998-05-24,0.37,"Normal"
1998-05-25,0.08,"Normal"
1998-05-26,0.01,"Normal"
1998-05-27,0.47,"Normal"
1998-05-28,0,"Normal"
1998-05-29,0.02,"Normal"
1998-05-30,0,"Normal"
1998-05-31,0.01,"Normal"
1998-06-01,0,"Normal"
1998-06-02,0,"Normal"
1998-06-03,0,"Normal"
1998-06-04,0,"Normal"
1998-06-05,0,"Normal"
1998-06-06,0,"Normal"
1998-06-07,0,"Normal"
1998-06-08,0,"Normal"
1998-06-09,0.13,"Normal"
1998-06-10,0.31,"Normal"
1998-06-11,0,"Normal"
1998-06-12,0,"Normal"
1998-06-13,0,"Normal"
1998-06-14,0,"Normal"
1998-06-15,0.01,"Normal"
1998-06-16,0,"Normal"
1998-06-17,0,"Normal"
1998-06-18,0,"Normal"
1998-06-19,0,"Normal"
1998-06-20,0,"Normal"
1998-06-21,0,"Normal"
1998-06-22,0,"Normal"
1998-06-23,0,"Normal"
1998-06-24,0.28,"Normal"
1998-06-25,0.23,"Normal"
1998-06-26,0.01,"Normal"
1998-06-27,0,"Normal"
1998-06-28,0,"Normal"
1998-06-29,0,"Normal"
1998-06-30,0,"Normal"
1998-07-01,0,"Normal"
1998-07-02,0,"Normal"
1998-07-03,0.1,"Normal"
1998-07-04,0.06,"Normal"
1998-07-05,0,"Normal"
1998-07-06,0,"Normal"
1998-07-07,0,"Normal"
1998-07-08,0,"Normal"
1998-07-09,0,"Normal"
1998-07-10,0,"Normal"
1998-07-11,0.03,"Normal"
1998-07-12,0,"Normal"
1998-07-13,0,"Normal"
1998-07-14,0,"Normal"
1998-07-15,0.04,"Normal"
1998-07-16,0,"Normal"
1998-07-17,0,"Normal"
1998-07-18,0,"Normal"
1998-07-19,0,"Normal"
1998-07-20,0,"Normal"
1998-07-21,0,"Normal"
1998-07-22,0,"Normal"
1998-07-23,0,"Normal"
1998-07-24,0,"Normal"
1998-07-25,0,"Normal"
1998-07-26,0,"Normal"
1998-07-27,0,"Normal"
1998-07-28,0,"Normal"
1998-07-29,0,"Normal"
1998-07-30,0,"Normal"
1998-07-31,0,"Normal"
1998-08-01,0,"Normal"
1998-08-02,0.01,"Normal"
1998-08-03,0,"Normal"
1998-08-04,0,"Normal"
1998-08-05,0,"Normal"
1998-08-06,0,"Normal"
1998-08-07,0,"Normal"
1998-08-08,0,"Normal"
1998-08-09,0,"Normal"
1998-08-10,0,"Normal"
1998-08-11,0,"Normal"
1998-08-12,0,"Normal"
1998-08-13,0,"Normal"
1998-08-14,0,"Normal"
1998-08-15,0,"Normal"
1998-08-16,0,"Normal"
1998-08-17,0,"Normal"
1998-08-18,0,"Normal"
1998-08-19,0,"Normal"
1998-08-20,0,"Normal"
1998-08-21,0,"Normal"
1998-08-22,0,"Normal"
1998-08-23,0,"Normal"
1998-08-24,0,"Normal"
1998-08-25,0,"Normal"
1998-08-26,0,"Normal"
1998-08-27,0,"Normal"
1998-08-28,0,"Normal"
1998-08-29,0,"Normal"
1998-08-30,0,"Normal"
1998-08-31,0,"Normal"
1998-09-01,0,"Normal"
1998-09-02,0,"Normal"
1998-09-03,0,"Normal"
1998-09-04,0,"Normal"
1998-09-05,0,"Normal"
1998-09-06,0,"Normal"
1998-09-07,0,"Normal"
1998-09-08,0,"Normal"
1998-09-09,0,"Normal"
1998-09-10,0,"Normal"
1998-09-11,0,"Normal"
1998-09-12,0,"Normal"
1998-09-13,0,"Normal"
1998-09-14,0,"Normal"
1998-09-15,0,"Normal"
1998-09-16,0,"Normal"
1998-09-17,0.09,"Normal"
1998-09-18,0.19,"Normal"
1998-09-19,0,"Normal"
1998-09-20,0,"Normal"
1998-09-21,0,"Normal"
1998-09-22,0,"Normal"
1998-09-23,0.01,"Normal"
1998-09-24,0.01,"Normal"
1998-09-25,0.12,"Normal"
1998-09-26,0.01,"Normal"
1998-09-27,0,"Normal"
1998-09-28,0,"Normal"
1998-09-29,0,"Normal"
1998-09-30,0,"Normal"
1998-10-01,0.2,"Normal"
1998-10-02,0.06,"Normal"
1998-10-03,0.17,"Normal"
1998-10-04,0.01,"Normal"
1998-10-05,0,"Normal"
1998-10-06,0.01,"Normal"
1998-10-07,0,"Normal"
1998-10-08,0.52,"Normal"
1998-10-09,0.16,"Normal"
1998-10-10,0,"Normal"
1998-10-11,0,"Normal"
1998-10-12,0.8,"Normal"
1998-10-13,0.4,"Normal"
1998-10-14,0.13,"Normal"
1998-10-15,0.02,"Normal"
1998-10-16,0,"Normal"
1998-10-17,0,"Normal"
1998-10-18,0.01,"Normal"
1998-10-19,0,"Normal"
1998-10-20,0.01,"Normal"
1998-10-21,0.01,"Normal"
1998-10-22,0,"Normal"
1998-10-23,0.01,"Normal"
1998-10-24,0.06,"Normal"
1998-10-25,0.01,"Normal"
1998-10-26,0,"Normal"
1998-10-27,0.07,"Normal"
1998-10-28,0.01,"Normal"
1998-10-29,0,"Normal"
1998-10-30,0.01,"Normal"
1998-10-31,0.22,"Normal"
1998-11-01,0.06,"Normal"
1998-11-02,0,"Normal"
1998-11-03,0.26,"Normal"
1998-11-04,0.19,"Normal"
1998-11-05,0.23,"Normal"
1998-11-06,0.06,"Normal"
1998-11-07,0.01,"Normal"
1998-11-08,0,"Normal"
1998-11-09,0.08,"Normal"
1998-11-10,0.01,"Normal"
1998-11-11,0,"Normal"
1998-11-12,0.16,"Normal"
1998-11-13,1.74,"Normal"
1998-11-14,0.31,"Normal"
1998-11-15,0.46,"Normal"
1998-11-16,0,"Normal"
1998-11-17,0.18,"Normal"
1998-11-18,0,"Normal"
1998-11-19,0.39,"Normal"
1998-11-20,2.13,"Normal"
1998-11-21,1.8,"Normal"
1998-11-22,0.52,"Normal"
1998-11-23,0.81,"Normal"
1998-11-24,0.37,"Normal"
1998-11-25,3.36,"Normal"
1998-11-26,0.68,"Normal"
1998-11-27,0.04,"Normal"
1998-11-28,0.01,"Normal"
1998-11-29,0.22,"Normal"
1998-11-30,0.51,"Normal"
1998-12-01,1.7,"Normal"
1998-12-02,0.63,"Normal"
1998-12-03,0.01,"Normal"
1998-12-04,0.05,"Normal"
1998-12-05,0.06,"Normal"
1998-12-06,0.04,"Normal"
1998-12-07,1.11,"Normal"
1998-12-08,0.15,"Normal"
1998-12-09,0.01,"Normal"
1998-12-10,0.12,"Normal"
1998-12-11,1.04,"Normal"
1998-12-12,0.76,"Normal"
1998-12-13,0.35,"Normal"
1998-12-14,0,"Normal"
1998-12-15,0.06,"Normal"
1998-12-16,0,"Normal"
1998-12-17,0.02,"Normal"
1998-12-18,0.01,"Normal"
1998-12-19,0,"Normal"
1998-12-20,0,"Normal"
1998-12-21,0,"Normal"
1998-12-22,0.1,"Normal"
1998-12-23,0,"Normal"
1998-12-24,0.55,"Normal"
1998-12-25,0.89,"Normal"
1998-12-26,0.44,"Normal"
1998-12-27,2.72,"Normal"
1998-12-28,0.19,"Normal"
1998-12-29,1.75,"Normal"
1998-12-30,0.01,"Normal"
1998-12-31,0.14,"Normal"
1999-01-01,0,"Normal"
1999-01-02,0,"Normal"
1999-01-03,0,"Normal"
1999-01-04,0,"Normal"
1999-01-05,0,"Normal"
1999-01-06,0.01,"Normal"
1999-01-07,0.01,"Normal"
1999-01-08,0,"Normal"
1999-01-09,0.32,"Normal"
1999-01-10,0.13,"Normal"
1999-01-11,0.16,"Normal"
1999-01-12,0.06,"Normal"
1999-01-13,0.34,"Normal"
1999-01-14,1.45,"Normal"
1999-01-15,0.28,"Normal"
1999-01-16,1.13,"Normal"
1999-01-17,1.39,"Normal"
1999-01-18,1.68,"Normal"
1999-01-19,0.21,"Normal"
1999-01-20,0.13,"Normal"
1999-01-21,0.5,"Normal"
1999-01-22,0.69,"Normal"
1999-01-23,0.01,"Normal"
1999-01-24,0,"Normal"
1999-01-25,0,"Normal"
1999-01-26,0.03,"Normal"
1999-01-27,1.39,"Normal"
1999-01-28,2.35,"Normal"
1999-01-29,0.5,"Normal"
1999-01-30,0.3,"Normal"
1999-01-31,0.43,"Normal"
1999-02-01,0.89,"Normal"
1999-02-02,1.05,"Normal"
1999-02-03,0.44,"Normal"
1999-02-04,0.86,"Normal"
1999-02-05,0.37,"Normal"
1999-02-06,0.81,"Normal"
1999-02-07,0.56,"FAIL"
1999-02-08,0,"FAIL"
1999-02-09,0,"FAIL"
1999-02-10,0,"FAIL"
1999-02-11,0,"FAIL"
1999-02-12,0,"FAIL"
1999-02-13,0,"FAIL"
1999-02-14,0,"FAIL"
1999-02-15,0,"FAIL"
1999-02-16,0,"FAIL"
1999-02-17,0,"FAIL"
1999-02-18,0,"FAIL"
1999-02-19,0,"FAIL"
1999-02-20,0,"FAIL"
1999-02-21,0,"FAIL"
1999-02-22,0,"FAIL"
1999-02-23,0,"FAIL"
1999-02-24,0,"FAIL"
1999-02-25,0.16,"Normal"
1999-02-26,0.17,"Normal"
1999-02-27,1.54,"Normal"
1999-02-28,0.64,"Normal"
1999-03-01,0.82,"Normal"
1999-03-02,0.45,"Normal"
1999-03-03,1.12,"Normal"
1999-03-04,0.15,"Normal"
1999-03-05,0.01,"Normal"
1999-03-06,0,"Normal"
1999-03-07,0.01,"Normal"
1999-03-08,0.14,"Normal"
1999-03-09,0.01,"Normal"
1999-03-10,0,"Normal"
1999-03-11,0,"Normal"
1999-03-12,0.82,"Normal"
1999-03-13,0.59,"Normal"
1999-03-14,0.25,"Normal"
1999-03-15,0.08,"Normal"
1999-03-16,0.01,"Normal"
1999-03-17,0.01,"Normal"
1999-03-18,0.06,"Normal"
1999-03-19,0,"Normal"
1999-03-20,0,"Normal"
1999-03-21,0.22,"Normal"
1999-03-22,0.13,"Normal"
1999-03-23,0.08,"Normal"
1999-03-24,0.23,"Normal"
1999-03-25,0.15,"Normal"
1999-03-26,0.45,"Normal"
1999-03-27,0.11,"Normal"
1999-03-28,0.48,"Normal"
1999-03-29,0.48,"Normal"
1999-03-30,0,"Normal"
1999-03-31,0,"Normal"
1999-04-01,0.01,"Normal"
1999-04-02,0.11,"Normal"
1999-04-03,0,"Normal"
1999-04-04,0.03,"Normal"
1999-04-05,0.02,"Normal"
1999-04-06,0,"Normal"
1999-04-07,0.14,"Normal"
1999-04-08,0.01,"Normal"
1999-04-09,0.01,"Normal"
1999-04-10,0.21,"Normal"
1999-04-11,0,"Normal"
1999-04-12,0.03,"Normal"
1999-04-13,0.01,"Normal"
1999-04-14,0,"Normal"
1999-04-15,0,"Normal"
1999-04-16,0,"Normal"
1999-04-17,0,"Normal"
1999-04-18,0.03,"Normal"
1999-04-19,0.18,"Normal"
1999-04-20,0.03,"Normal"
1999-04-21,0.14,"Normal"
1999-04-22,0.01,"Normal"
1999-04-23,0,"Normal"
1999-04-24,0,"Normal"
1999-04-25,0.13,"Normal"
1999-04-26,0.21,"Normal"
1999-04-27,0.19,"Normal"
1999-04-28,0,"Normal"
1999-04-29,0,"Normal"
1999-04-30,0.14,"Normal"
1999-05-01,0.18,"Normal"
1999-05-02,0.26,"Normal"
1999-05-03,0.13,"Normal"
1999-05-04,0.11,"Normal"
1999-05-05,0,"Normal"
1999-05-06,0.35,"Normal"
1999-05-07,0.28,"Normal"
1999-05-08,0.06,"Normal"
1999-05-09,0.02,"Normal"
1999-05-10,0,"Normal"
1999-05-11,0.08,"Normal"
1999-05-12,0,"Normal"
1999-05-13,0.02,"Normal"
1999-05-14,0.02,"Normal"
1999-05-15,0,"Normal"
1999-05-16,0.1,"Normal"
1999-05-17,1.3,"Normal"
1999-05-18,0.1,"Normal"
1999-05-19,0,"Normal"
1999-05-20,0,"Normal"
1999-05-21,0,"Normal"
1999-05-22,0,"Normal"
1999-05-23,0,"Normal"
1999-05-24,0,"Normal"
1999-05-25,0,"Normal"
1999-05-26,0,"Normal"
1999-05-27,0,"Normal"
1999-05-28,0,"Normal"
1999-05-29,0,"Normal"
1999-05-30,0,"Normal"
1999-05-31,0,"Normal"
1999-06-01,0,"Normal"
1999-06-02,0,"Normal"
1999-06-03,0,"Normal"
1999-06-04,0,"Normal"
1999-06-05,0.33,"Normal"
1999-06-06,0.84,"Normal"
1999-06-07,0.12,"Normal"
1999-06-08,0.39,"Normal"
1999-06-09,0,"Normal"
1999-06-10,0,"Normal"
1999-06-11,0,"Normal"
1999-06-12,0,"Normal"
1999-06-13,0.01,"Normal"
1999-06-14,0,"Normal"
1999-06-15,0,"Normal"
1999-06-16,0,"Normal"
1999-06-17,0,"Normal"
1999-06-18,0.04,"Normal"
1999-06-19,0,"Normal"
1999-06-20,0.28,"Normal"
1999-06-21,0.02,"Normal"
1999-06-22,0,"Normal"
1999-06-23,0.33,"Normal"
1999-06-24,0.61,"Normal"
1999-06-25,0.01,"Normal"
1999-06-26,0,"Normal"
1999-06-27,0,"Normal"
1999-06-28,0.06,"Normal"
1999-06-29,0,"Normal"
1999-06-30,0.02,"Normal"
1999-07-01,0,"Normal"
1999-07-02,0.01,"Normal"
1999-07-03,0.07,"Normal"
1999-07-04,0.08,"Normal"
1999-07-05,0,"Normal"
1999-07-06,0,"Normal"
1999-07-07,0.07,"Normal"
1999-07-08,0,"Normal"
1999-07-09,0,"Normal"
1999-07-10,0,"Normal"
1999-07-11,0,"Normal"
1999-07-12,0,"Normal"
1999-07-13,0,"Normal"
1999-07-14,0,"Normal"
1999-07-15,0,"Normal"
1999-07-16,0.21,"Normal"
1999-07-17,0.22,"Normal"
1999-07-18,0,"Normal"
1999-07-19,0,"Normal"
1999-07-20,0,"Normal"
1999-07-21,0,"Normal"
1999-07-22,0,"Normal"
1999-07-23,0,"Normal"
1999-07-24,0,"Normal"
1999-07-25,0,"Normal"
1999-07-26,0,"Normal"
1999-07-27,0,"Normal"
1999-07-28,0,"Normal"
1999-07-29,0,"Normal"
1999-07-30,0.02,"Normal"
1999-07-31,0,"Normal"
1999-08-01,0,"Normal"
1999-08-02,0,"Normal"
1999-08-03,0,"Normal"
1999-08-04,0.02,"Normal"
1999-08-05,0.08,"Normal"
1999-08-06,0.4,"Normal"
1999-08-07,0.04,"Normal"
1999-08-08,0,"Normal"
1999-08-09,0,"Normal"
1999-08-10,0,"Normal"
1999-08-11,0,"Normal"
1999-08-12,0.07,"Normal"
1999-08-13,0.32,"Normal"
1999-08-14,0,"Normal"
1999-08-15,0.06,"Normal"
1999-08-16,0,"Normal"
1999-08-17,0,"Normal"
1999-08-18,0,"Normal"
1999-08-19,0,"Normal"
1999-08-20,0,"Normal"
1999-08-21,0,"Normal"
1999-08-22,0,"Normal"
1999-08-23,0,"Normal"
1999-08-24,0,"Normal"
1999-08-25,0.02,"Normal"
1999-08-26,0,"Normal"
1999-08-27,0,"Normal"
1999-08-28,0,"Normal"
1999-08-29,0,"Normal"
1999-08-30,0,"Normal"
1999-08-31,0.2,"Normal"
1999-09-01,0.01,"Normal"
1999-09-02,0,"Normal"
1999-09-03,0,"Normal"
1999-09-04,0,"Normal"
1999-09-05,0.09,"Normal"
1999-09-06,0,"Normal"
1999-09-07,0,"Normal"
1999-09-08,0,"Normal"
1999-09-09,0,"Normal"
1999-09-10,0,"Normal"
1999-09-11,0,"Normal"
1999-09-12,0,"Normal"
1999-09-13,0,"Normal"
1999-09-14,0,"Normal"
1999-09-15,0,"Normal"
1999-09-16,0,"Normal"
1999-09-17,0,"Normal"
1999-09-18,0.01,"Normal"
1999-09-19,0,"Normal"
1999-09-20,0,"Normal"
1999-09-21,0,"Normal"
1999-09-22,0,"Normal"
1999-09-23,0.03,"Normal"
1999-09-24,0.07,"Normal"
1999-09-25,0.02,"Normal"
1999-09-26,0,"Normal"
1999-09-27,0,"Normal"
1999-09-28,0,"Normal"
1999-09-29,0,"Normal"
1999-09-30,0,"Normal"
1999-10-01,0.01,"Normal"
1999-10-02,0,"Normal"
1999-10-03,0,"Normal"
1999-10-04,0,"Normal"
1999-10-05,0.03,"Normal"
1999-10-06,0.09,"Normal"
1999-10-07,0.38,"Normal"
1999-10-08,0.49,"Normal"
1999-10-09,0,"Normal"
1999-10-10,0.01,"Normal"
1999-10-11,0.15,"Normal"
1999-10-12,0.01,"Normal"
1999-10-13,0.02,"Normal"
1999-10-14,0,"Normal"
1999-10-15,0,"Normal"
1999-10-16,0,"Normal"
1999-10-17,0,"Normal"
1999-10-18,0,"Normal"
1999-10-19,0,"Normal"
1999-10-20,0,"Normal"
1999-10-21,0.01,"Normal"
1999-10-22,0.01,"Normal"
1999-10-23,0.03,"Normal"
1999-10-24,0.01,"Normal"
1999-10-25,0.23,"Normal"
1999-10-26,0.01,"Normal"
1999-10-27,0.4,"Normal"
1999-10-28,0.68,"Normal"
1999-10-29,0.11,"Normal"
1999-10-30,0.37,"Normal"
1999-10-31,0.27,"Normal"
1999-11-01,0.01,"Normal"
1999-11-02,0,"Normal"
1999-11-03,0.08,"Normal"
1999-11-04,0.01,"Normal"
1999-11-05,0.29,"Normal"
1999-11-06,0.16,"Normal"
1999-11-07,0,"Normal"
1999-11-08,0.46,"Normal"
1999-11-09,0.93,"Normal"
1999-11-10,0.49,"Normal"
1999-11-11,1.64,"Normal"
1999-11-12,1.55,"Normal"
1999-11-13,0.77,"Normal"
1999-11-14,0.01,"Normal"
1999-11-15,0.07,"Normal"
1999-11-16,0.43,"Normal"
1999-11-17,0.05,"Normal"
1999-11-18,0.01,"Normal"
1999-11-19,0.34,"Normal"
1999-11-20,0.64,"Normal"
1999-11-21,0.01,"Normal"
1999-11-22,0.13,"Normal"
1999-11-23,0,"Normal"
1999-11-24,1.1,"Normal"
1999-11-25,1.95,"Normal"
1999-11-26,0.22,"Normal"
1999-11-27,0.24,"Normal"
1999-11-28,0,"Normal"
1999-11-29,0.35,"Normal"
1999-11-30,0.33,"Normal"
1999-12-01,0.32,"Normal"
1999-12-02,0.59,"Normal"
1999-12-03,0,"Normal"
1999-12-04,0.16,"Normal"
1999-12-05,0.16,"Normal"
1999-12-06,0.48,"Normal"
1999-12-07,0.06,"Normal"
1999-12-08,0.3,"Normal"
1999-12-09,0.19,"Normal"
1999-12-10,0.04,"Normal"
1999-12-11,0.13,"Normal"
1999-12-12,1.09,"Normal"
1999-12-13,0.5,"Normal"
1999-12-14,0.92,"Normal"
1999-12-15,1.82,"Normal"
1999-12-16,0.08,"Normal"
1999-12-17,0.69,"Normal"
1999-12-18,0,"Normal"
1999-12-19,0,"Normal"
1999-12-20,0,"Normal"
1999-12-21,0,"Normal"
1999-12-22,0,"Normal"
1999-12-23,0.01,"Normal"
1999-12-24,0,"Normal"
1999-12-25,0,"Normal"
1999-12-26,0,"Normal"
1999-12-27,0.01,"Normal"
1999-12-28,0,"Normal"
1999-12-29,0.01,"Normal"
1999-12-30,0.02,"Normal"
1999-12-31,0.13,"Normal"
2000-01-01,0.42,"Normal"
2000-01-02,0.08,"Normal"
2000-01-03,0.53,"Normal"
2000-01-04,0.69,"Normal"
2000-01-05,0,"Normal"
2000-01-06,0.02,"Normal"
2000-01-07,0.18,"Normal"
2000-01-08,0.33,"Normal"
2000-01-09,0.61,"Normal"
2000-01-10,0.58,"Normal"
2000-01-11,0.1,"Normal"
